experiment_id,customer_id,group,baseline_weekly_actions,post_weekly_actions,target_feature_adopted
EXP-001,CUST-0119,Treatment,3,3,0
EXP-002,CUST-0138,Treatment,6,4,1
EXP-003,CUST-0019,Treatment,5,7,0
EXP-004,CUST-0036,Treatment,3,8,0
EXP-005,CUST-0077,Treatment,4,6,0
EXP-006,CUST-0136,Treatment,7,8,1
EXP-007,CUST-0139,Treatment,1,2,0
EXP-008,CUST-0049,Treatment,5,15,1
EXP-009,CUST-0116,Treatment,4,4,0
EXP-010,CUST-0021,Treatment,0,3,1
EXP-011,CUST-0145,Treatment,5,9,1
EXP-012,CUST-0004,Treatment,2,1,1
EXP-013,CUST-0085,Treatment,2,6,1
EXP-014,CUST-0141,Treatment,5,4,0
EXP-015,CUST-0068,Treatment,5,7,1
EXP-016,CUST-0133,Treatment,1,2,0
EXP-017,CUST-0026,Treatment,2,6,0
EXP-018,CUST-0069,Treatment,4,6,1
EXP-019,CUST-0102,Treatment,2,6,0
EXP-020,CUST-0135,Treatment,3,6,1
EXP-021,CUST-0027,Treatment,2,2,1
EXP-022,CUST-0055,Treatment,4,5,0
EXP-023,CUST-0064,Treatment,2,1,1
EXP-024,CUST-0098,Treatment,4,10,1
EXP-025,CUST-0112,Treatment,1,2,1
EXP-026,CUST-0140,Treatment,6,11,0
EXP-027,CUST-0067,Treatment,6,6,0
EXP-028,CUST-0051,Treatment,7,9,0
EXP-029,CUST-0126,Treatment,4,7,0
EXP-030,CUST-0014,Treatment,4,5,1
EXP-031,CUST-0011,Treatment,1,3,1
EXP-032,CUST-0024,Treatment,1,8,0
EXP-033,CUST-0093,Treatment,1,3,1
EXP-034,CUST-0028,Treatment,4,4,0
EXP-035,CUST-0082,Treatment,4,4,1
EXP-036,CUST-0134,Treatment,7,8,1
EXP-037,CUST-0125,Treatment,3,3,1
EXP-038,CUST-0131,Treatment,8,10,0
EXP-039,CUST-0065,Treatment,4,6,0
EXP-040,CUST-0044,Treatment,3,7,1
EXP-041,CUST-0097,Control,4,6,0
EXP-042,CUST-0056,Control,1,2,0
EXP-043,CUST-0128,Control,3,3,0
EXP-044,CUST-0015,Control,5,4,1
EXP-045,CUST-0100,Control,3,3,0
EXP-046,CUST-0115,Control,4,4,0
EXP-047,CUST-0074,Control,5,4,0
EXP-048,CUST-0032,Control,4,5,0
EXP-049,CUST-0079,Control,3,1,1
EXP-050,CUST-0063,Control,5,5,1
EXP-051,CUST-0103,Control,3,5,0
EXP-052,CUST-0101,Control,2,2,0
EXP-053,CUST-0142,Control,2,1,0
EXP-054,CUST-0106,Control,5,7,0
EXP-055,CUST-0099,Control,3,3,0
EXP-056,CUST-0002,Control,6,3,0
EXP-057,CUST-0003,Control,3,6,0
EXP-058,CUST-0080,Control,2,3,0
EXP-059,CUST-0130,Control,8,5,0
EXP-060,CUST-0091,Control,2,0,0
EXP-061,CUST-0081,Control,6,7,0
EXP-062,CUST-0022,Control,1,0,1
EXP-063,CUST-0137,Control,3,2,0
EXP-064,CUST-0057,Control,3,2,0
EXP-065,CUST-0060,Control,1,1,0
EXP-066,CUST-0086,Control,4,4,1
EXP-067,CUST-0007,Control,4,3,0
EXP-068,CUST-0048,Control,2,3,1
EXP-069,CUST-0041,Control,3,3,0
EXP-070,CUST-0143,Control,5,5,0
EXP-071,CUST-0072,Control,3,3,1
EXP-072,CUST-0124,Control,7,6,0
EXP-073,CUST-0088,Control,4,3,0
EXP-074,CUST-0109,Control,1,2,0
EXP-075,CUST-0029,Control,0,2,1
EXP-076,CUST-0078,Control,4,2,1
EXP-077,CUST-0012,Control,1,0,0
EXP-078,CUST-0132,Control,2,4,1
EXP-079,CUST-0107,Control,9,8,0
EXP-080,CUST-0089,Control,5,5,0
