order_id,customer_id,device_type,device_model,quantity,order_date,delivery_date,order_status,country,order_value
ORD-00001,CUST-0107,Monitor,MacBook Air M3,10,2025-04-12,,In Transit,UK,3720
ORD-00002,CUST-0093,Monitor,MacBook Air M3,2,2025-04-12,,Failed,Nigeria,688
ORD-00003,CUST-0006,Desktop,Lenovo ThinkPad T14,2,2025-02-21,2025-03-03,Delivered,Canada,1140
ORD-00004,CUST-0060,Tablet,MacBook Air M3,20,2025-12-03,2025-12-05,Delivered,Netherlands,16060
ORD-00005,CUST-0045,Laptop,MacBook Pro M4,1,2025-04-23,2025-04-24,Delivered,UK,1137
ORD-00006,CUST-0033,Phone,Dell XPS 13,20,2026-03-08,2026-03-17,Delivered,Netherlands,14240
ORD-00007,CUST-0012,Laptop,MacBook Air M3,10,2026-06-18,2026-06-26,Delivered,Singapore,16300
ORD-00008,CUST-0114,Desktop,MacBook Air M3,2,2025-03-17,,Cancelled,United States,1562
ORD-00009,CUST-0111,Tablet,HP EliteBook 840,1,2025-04-12,2025-04-20,Delivered,France,483
ORD-00010,CUST-0117,Phone,MacBook Pro M4,1,2026-02-13,2026-02-21,Delivered,US,406
ORD-00011,CUST-0018,Laptop,HP EliteBook 840,1,2025-04-04,,In Transit,US,1413
ORD-00012,CUST-0144,Monitor,HP EliteBook 840,1,2026-07-30,2026-08-03,Delivered,Germany,202
ORD-00013,CUST-0027,Phone,MacBook Pro M3,1,2026-08-15,2026-08-22,Delivered,Canada,367
ORD-00014,CUST-0110,Tablet,HP EliteBook 840,20,2026-07-29,2026-08-01,Failed,United States,18460
ORD-00015,CUST-0080,Desktop,Lenovo ThinkPad T14,2,2025-12-14,2025-12-22,Delivered,US,1820
ORD-00016,CUST-0024,Monitor,MacBook Pro M3,5,2026-06-28,2026-07-02,Delivered,Netherlands,2410
ORD-00017,CUST-0014,Laptop,MacBook Pro M4,10,2025-06-09,2025-06-23,Delivered,Germany,15570
ORD-00018,CUST-0070,Phone,MacBook Air M3,1,2025-08-09,2025-08-17,Delivered,Canada,789
ORD-00019,CUST-0057,Desktop,MacBook Pro M4,1,2026-02-09,,Failed,Canada,1285
ORD-00020,CUST-0128,Desktop,Lenovo ThinkPad T14,5,2026-03-17,2026-03-19,Delivered,Canada,6765
ORD-00021,CUST-0011,Monitor,Lenovo ThinkPad T14,50,2026-03-23,2026-04-01,Delivered,Nigeria,28200
ORD-00022,CUST-0030,Tablet,Dell XPS 13,2,2026-02-19,2026-02-22,Delivered,United Kingdom,716
ORD-00023,CUST-0103,Monitor,MacBook Pro M3,50,2026-06-21,2026-07-01,Delivered,Singapore,16100
ORD-00024,CUST-0136,Monitor,HP EliteBook 840,20,2026-06-07,2026-06-18,Delivered,UK,6020
ORD-00025,CUST-0051,Laptop,MacBook Pro M3,20,2025-06-27,2025-06-30,Delivered,UK,38720
ORD-00026,CUST-0115,Monitor,HP EliteBook 840,100,2026-08-02,2026-08-12,Delivered,USA,60000
ORD-00027,CUST-0078,Laptop,MacBook Pro M4,2,2025-10-09,2025-10-17,Delivered,Australia,3190
ORD-00028,CUST-0020,Phone,Lenovo ThinkPad T14,5,2025-04-03,2025-04-13,Delivered,UK,3550
ORD-00029,CUST-0083,Phone,MacBook Air M3,100,2026-05-03,2026-05-17,Delivered,Germany,76600
ORD-00030,CUST-0064,Tablet,MacBook Pro M3,5,2026-03-25,2026-03-30,Failed,USA,3340
ORD-00031,CUST-0086,Phone,MacBook Pro M4,5,2025-03-09,2025-03-15,Delivered,Nigeria,2955
ORD-00032,CUST-0037,Phone,MacBook Pro M3,10,2025-12-25,2025-12-28,Delivered,United States,5670
ORD-00033,CUST-0085,Tablet,MacBook Air M3,20,2025-05-11,2025-05-14,Delivered,United States,12400
ORD-00034,CUST-0047,Desktop,MacBook Pro M3,20,2025-08-08,2025-08-11,Delivered,USA,13160
ORD-00035,CUST-0139,Tablet,MacBook Pro M3,2,2026-06-24,2026-06-30,Delivered,US,870
ORD-00036,CUST-0043,Desktop,Dell XPS 13,2,2026-03-25,2026-04-02,Delivered,UK,1582
ORD-00037,CUST-0121,Phone,Dell XPS 13,100,2025-07-18,2025-07-26,Delivered,Canada,76400
ORD-00038,CUST-0042,Monitor,MacBook Air M3,1,2025-07-24,,In Transit,US,530
ORD-00039,CUST-0133,Monitor,Dell XPS 13,20,2025-05-08,2025-05-18,Delivered,Singapore,11940
ORD-00040,CUST-0090,Monitor,MacBook Pro M3,5,2025-01-28,2025-02-04,Delivered,Australia,2665
ORD-00041,CUST-0026,Monitor,Dell XPS 13,1,2025-12-10,2025-12-22,Delivered,Germany,292
ORD-00042,CUST-0002,Desktop,Lenovo ThinkPad T14,2,2025-03-23,2025-03-28,Delivered,United States,2080
ORD-00043,CUST-0032,Tablet,Dell XPS 13,10,2025-02-18,2025-03-07,Delivered,USA,7980
ORD-00044,CUST-0062,Monitor,MacBook Pro M3,1,2025-05-28,2025-06-06,Delivered,Australia,341
ORD-00045,CUST-0093,Tablet,Lenovo ThinkPad T14,5,2025-03-11,,Failed,Nigeria,4500
ORD-00046,CUST-0005,Laptop,Lenovo ThinkPad T14,2,2026-01-01,2026-01-04,Delivered,Nigeria,2660
ORD-00047,CUST-0045,Desktop,MacBook Pro M3,5,2026-04-21,,Failed,UK,6165
ORD-00048,CUST-0011,Tablet,Dell XPS 13,5,2025-11-20,2025-11-21,Cancelled,Nigeria,3075
ORD-00049,CUST-0085,Phone,HP EliteBook 840,2,2025-10-07,2025-10-09,Delivered,Germany,882
ORD-00050,CUST-0095,Phone,MacBook Air M3,1,2026-06-16,2026-06-24,Delivered,UK,808
ORD-00051,CUST-0021,Tablet,HP EliteBook 840,2,2025-12-02,2025-12-08,Delivered,France,1414
ORD-00052,CUST-0091,Laptop,MacBook Air M3,100,2026-03-22,2026-03-31,Delivered,United Kingdom,202400
ORD-00053,CUST-0041,Phone,MacBook Air M3,10,2025-02-01,2025-02-09,Delivered,Nigeria,10470
ORD-00054,CUST-0099,Phone,MacBook Pro M4,1,2026-08-04,2026-08-10,Delivered,UK,837
ORD-00055,CUST-0102,Laptop,MacBook Air M3,2,2025-11-18,2025-11-21,Delivered,Germany,2062
ORD-00056,CUST-0067,Phone,MacBook Pro M3,10,2026-04-02,2026-04-03,Delivered,Germany,7120
ORD-00057,CUST-0114,Monitor,HP EliteBook 840,100,2025-03-31,,In Transit,United States,21600
ORD-00058,CUST-0077,Desktop,MacBook Pro M4,50,2025-06-11,2025-06-16,Delivered,United States,36450
ORD-00059,CUST-0127,Phone,Lenovo ThinkPad T14,10,2025-01-27,2025-02-06,Delivered,United States,3170
ORD-00060,CUST-0123,Tablet,MacBook Air M3,5,2026-06-23,2026-06-30,Delivered,Singapore,3635
ORD-00061,CUST-0089,Tablet,MacBook Pro M3,20,2025-05-12,,In Transit,Australia,6120
ORD-00062,CUST-0133,Desktop,MacBook Pro M4,1,2025-06-06,2025-06-08,Delivered,Singapore,790
ORD-00063,CUST-0142,Tablet,MacBook Air M3,2,2025-10-09,2025-10-16,Delivered,Netherlands,1688
ORD-00064,CUST-0087,Laptop,MacBook Air M3,50,2026-08-01,2026-08-09,Delivered,UK,98150
ORD-00065,CUST-0107,Monitor,HP EliteBook 840,10,2025-02-01,2025-02-04,Delivered,UK,4000
ORD-00066,CUST-0117,Phone,Dell XPS 13,1,2025-03-16,2025-03-23,Delivered,US,871
ORD-00067,CUST-0082,Monitor,Lenovo ThinkPad T14,1,2025-12-20,,Failed,Singapore,476
ORD-00068,CUST-0037,Tablet,Dell XPS 13,100,2025-04-10,2025-04-17,Delivered,United States,58500
ORD-00069,CUST-0081,Tablet,Dell XPS 13,5,2025-07-14,2025-07-16,Delivered,US,1365
ORD-00070,CUST-0101,Tablet,MacBook Pro M4,2,2026-06-02,2026-06-10,Delivered,Germany,1722
ORD-00071,CUST-0121,Phone,MacBook Pro M3,50,2025-10-20,2025-10-29,Delivered,Canada,51600
ORD-00072,CUST-0103,Tablet,MacBook Pro M4,2,2025-02-22,2025-03-05,Delivered,Singapore,1626
ORD-00073,CUST-0031,Monitor,Lenovo ThinkPad T14,5,2025-05-12,,Failed,United States,1485
ORD-00074,CUST-0012,Phone,Lenovo ThinkPad T14,2,2025-02-09,2025-02-20,Delivered,Singapore,786
ORD-00075,CUST-0082,Monitor,Lenovo ThinkPad T14,10,2025-06-16,2025-06-17,Delivered,Singapore,6710
ORD-00076,CUST-0077,Laptop,Dell XPS 13,2,2026-05-02,,In Transit,United States,3690
ORD-00077,CUST-0059,Tablet,Dell XPS 13,1,2025-02-22,2025-02-25,Delivered,United Kingdom,836
ORD-00078,CUST-0029,Desktop,Dell XPS 13,2,2025-07-15,2025-07-24,Delivered,US,1416
ORD-00079,CUST-0016,Phone,Lenovo ThinkPad T14,10,2025-05-22,2025-05-31,Delivered,Australia,7200
ORD-00080,CUST-0091,Desktop,MacBook Pro M4,2,2025-09-28,2025-10-07,Delivered,United Kingdom,1610
ORD-00081,CUST-0126,Monitor,MacBook Pro M4,10,2025-11-21,2025-12-13,Delivered,Canada,5380
ORD-00082,CUST-0038,Laptop,MacBook Pro M4,100,2025-10-25,2025-11-03,Delivered,Nigeria,155500
ORD-00083,CUST-0138,Desktop,MacBook Air M3,10,2025-10-05,2025-10-10,Cancelled,UK,12580
ORD-00084,CUST-0060,Phone,MacBook Air M3,2,2025-02-23,2025-03-06,Delivered,Netherlands,510
ORD-00085,CUST-0041,Phone,Dell XPS 13,50,2026-02-21,2026-03-03,Delivered,Nigeria,28900
ORD-00086,CUST-0023,Laptop,MacBook Pro M3,20,2026-08-11,2026-08-20,Delivered,Singapore,30100
ORD-00087,CUST-0102,Monitor,MacBook Air M3,20,2026-05-23,2026-05-28,Delivered,Germany,5180
ORD-00088,CUST-0140,Tablet,Dell XPS 13,100,2026-06-21,2026-07-01,Delivered,Nigeria,41600
ORD-00089,CUST-0066,Monitor,Lenovo ThinkPad T14,2,2025-07-10,2025-07-13,Delivered,UK,694
ORD-00090,CUST-0104,Laptop,MacBook Pro M3,1,2026-03-14,2026-03-20,Delivered,Netherlands,937
ORD-00091,CUST-0061,Monitor,Lenovo ThinkPad T14,100,2026-04-03,2026-04-08,Delivered,United States,41700
ORD-00092,CUST-0016,Tablet,HP EliteBook 840,1,2025-05-02,2025-05-09,Delivered,Australia,552
ORD-00093,CUST-0057,Phone,HP EliteBook 840,5,2025-08-13,2025-08-18,Failed,Canada,4840
ORD-00094,CUST-0056,Laptop,Lenovo ThinkPad T14,10,2025-09-11,2025-09-27,Delivered,UK,15640
ORD-00095,CUST-0141,Desktop,MacBook Pro M4,5,2026-06-02,2026-06-03,Delivered,Singapore,4760
ORD-00096,CUST-0126,Laptop,Dell XPS 13,5,2025-04-04,,Cancelled,Canada,4600
ORD-00097,CUST-0079,Desktop,Lenovo ThinkPad T14,20,2025-01-23,2025-02-01,Delivered,UK,10920
ORD-00098,CUST-0016,Monitor,Dell XPS 13,5,2025-03-12,2025-03-16,Failed,Australia,1440
ORD-00099,CUST-0098,Phone,MacBook Air M3,50,2026-04-05,,In Transit,United Kingdom,45950
ORD-00100,CUST-0138,Desktop,MacBook Air M3,20,2026-02-07,2026-02-08,Delivered,UK,16100
ORD-00101,CUST-0137,Monitor,MacBook Pro M3,2,2026-01-24,,In Transit,Australia,530
ORD-00101,CUST-0005,Laptop,Dell XPS 13,1,2025-09-04,2025-09-09,Delivered,Nigeria,1874
ORD-00103,CUST-0060,Laptop,MacBook Pro M3,50,2026-07-07,2026-07-18,Delivered,Netherlands,84050
ORD-00104,CUST-0083,Tablet,MacBook Pro M3,1,2025-08-31,2025-09-07,Delivered,Germany,820
ORD-00105,CUST-0045,Monitor,HP EliteBook 840,1,2026-03-14,2026-03-16,Delivered,UK,687
ORD-00106,CUST-0039,Phone,MacBook Pro M3,20,2025-11-04,2025-11-08,Delivered,Netherlands,21500
ORD-00107,CUST-0144,Desktop,Dell XPS 13,5,2026-02-27,,Failed,Germany,3805
ORD-00108,CUST-0095,Laptop,MacBook Pro M4,20,2025-04-05,2025-04-14,Delivered,UK,28440
ORD-00109,CUST-0144,Monitor,MacBook Pro M4,50,2025-08-11,2025-08-15,Delivered,Germany,17200
ORD-00110,CUST-0123,Phone,MacBook Pro M3,10,2025-09-06,2025-09-13,Delivered,Singapore,6390
ORD-00111,CUST-0092,Phone,Dell XPS 13,5,2025-11-12,2025-11-19,Delivered,UK,5145
ORD-00112,CUST-0095,Desktop,HP EliteBook 840,10,2025-11-17,2025-11-21,Delivered,UK,5160
ORD-00113,CUST-0107,Phone,Lenovo ThinkPad T14,2,2025-10-30,2025-11-14,Delivered,UK,1026
ORD-00114,CUST-0126,Desktop,MacBook Pro M3,20,2026-04-17,2026-04-26,Delivered,Canada,20000
ORD-00115,CUST-0016,Laptop,MacBook Air M3,50,2026-06-21,2026-06-22,Delivered,Australia,74700
ORD-00116,CUST-0056,Tablet,Dell XPS 13,1,2026-06-02,2026-06-09,Delivered,UK,794
ORD-00117,CUST-0004,Monitor,MacBook Air M3,2,2025-01-18,2025-01-22,Delivered,Canada,1180
ORD-00118,CUST-0025,Tablet,MacBook Pro M4,2,2026-06-21,2026-07-01,Delivered,US,1264
ORD-00119,CUST-0118,Monitor,HP EliteBook 840,10,2026-08-02,2026-08-05,Delivered,Australia,1820
ORD-00120,CUST-0142,Desktop,MacBook Air M3,1,2026-05-03,2026-05-09,Delivered,Netherlands,1365
ORD-00121,CUST-0025,Tablet,Dell XPS 13,2,2026-06-25,2026-06-30,Cancelled,US,1074
ORD-00122,CUST-0046,Desktop,HP EliteBook 840,2,2025-11-19,2025-11-28,Delivered,Nigeria,1156
ORD-00123,CUST-0100,Desktop,HP EliteBook 840,20,2026-07-08,2026-07-18,Delivered,United Kingdom,20240
ORD-00124,CUST-0020,Tablet,Dell XPS 13,10,2025-12-15,2025-12-17,Delivered,UK,7110
ORD-00125,CUST-0092,Tablet,HP EliteBook 840,5,2026-07-21,2026-07-22,Cancelled,UK,2510
ORD-00126,CUST-0098,Laptop,MacBook Air M3,2,2025-06-07,2025-06-12,Delivered,United Kingdom,1320
ORD-00127,CUST-0023,Tablet,Dell XPS 13,5,2025-07-11,2025-07-16,Delivered,Singapore,4085
ORD-00128,CUST-0084,Laptop,HP EliteBook 840,5,2026-01-30,2026-02-03,Delivered,Germany,8975
ORD-00129,CUST-0036,Laptop,MacBook Pro M3,5,2025-10-03,2025-10-17,Delivered,Australia,7700
ORD-00130,CUST-0093,Phone,Lenovo ThinkPad T14,20,2025-09-15,,Cancelled,Nigeria,7180
ORD-00131,CUST-0086,Monitor,Dell XPS 13,2,2026-01-25,,In Transit,Nigeria,578
ORD-00132,CUST-0052,Monitor,MacBook Pro M4,100,2026-05-06,2026-05-14,Delivered,UK,65200
ORD-00133,CUST-0072,Desktop,Lenovo ThinkPad T14,100,2026-02-07,2026-02-08,Delivered,Singapore,68400
ORD-00134,CUST-0054,Laptop,Dell XPS 13,50,2026-03-25,2026-04-04,Delivered,,101400
ORD-00135,CUST-0040,Tablet,Dell XPS 13,1,2026-03-10,2026-03-25,Delivered,USA,958
ORD-00136,CUST-0010,Tablet,HP EliteBook 840,20,2026-01-04,2026-01-15,Delivered,Singapore,18600
ORD-00137,CUST-0012,Phone,MacBook Pro M4,10,2026-07-31,,Failed,Singapore,3500
ORD-00138,CUST-0143,Monitor,Dell XPS 13,2,2026-08-18,2026-08-19,Delivered,Germany,1324
ORD-00139,CUST-0124,Laptop,MacBook Air M3,50,2025-04-18,2025-04-23,Delivered,Singapore,47000
ORD-00140,CUST-0134,Phone,MacBook Pro M4,1,2026-05-10,2026-05-22,Delivered,UK,1079
ORD-00141,CUST-0088,Desktop,Lenovo ThinkPad T14,1,2025-04-22,2025-04-26,Delivered,Australia,1065
ORD-00142,CUST-0119,Desktop,HP EliteBook 840,10,2025-08-26,2025-09-03,Delivered,Germany,9420
ORD-00143,CUST-0116,Desktop,MacBook Pro M4,10,2026-03-16,2026-03-26,Delivered,Germany,13280
ORD-00144,CUST-0138,Laptop,MacBook Pro M4,2,2025-07-11,2025-07-14,Delivered,UK,4046
ORD-00145,CUST-0100,Phone,Lenovo ThinkPad T14,2,2026-02-06,2026-02-12,Delivered,United Kingdom,2380
ORD-00146,CUST-0035,Desktop,MacBook Pro M4,2,2025-11-17,2025-11-18,Delivered,Netherlands,1288
ORD-00147,CUST-0099,Desktop,Lenovo ThinkPad T14,10,2026-03-10,2026-03-12,Delivered,UK,10010
ORD-00148,CUST-0116,Phone,MacBook Pro M3,100,2025-02-24,,In Transit,Germany,82500
ORD-00149,CUST-0105,Phone,MacBook Pro M3,50,2026-05-19,2026-05-24,Delivered,Germany,53200
ORD-00150,CUST-0071,Phone,Lenovo ThinkPad T14,1,2025-08-19,2025-08-21,Delivered,Netherlands,365
ORD-00151,CUST-0140,Phone,Lenovo ThinkPad T14,20,2026-01-11,2026-01-24,Delivered,Nigeria,20060
ORD-00152,CUST-0077,Laptop,Dell XPS 13,2,2025-02-03,2025-02-04,Delivered,United States,1780
ORD-00153,CUST-0110,Desktop,MacBook Air M3,20,2025-06-19,2025-06-24,Delivered,France,17180
ORD-00154,CUST-0083,Tablet,HP EliteBook 840,2,2025-10-27,2025-11-03,Delivered,Germany,620
ORD-00155,CUST-0033,Desktop,HP EliteBook 840,20,2025-05-16,2025-05-28,Delivered,Netherlands,20020
ORD-00156,CUST-0107,Laptop,Dell XPS 13,10,2026-01-20,2026-01-21,Delivered,UK,17050
ORD-00157,CUST-0125,Laptop,HP EliteBook 840,50,2025-12-02,2025-12-13,Delivered,Germany,79400
ORD-00158,CUST-0102,Phone,MacBook Pro M4,20,2025-08-12,,Failed,Germany,11900
ORD-00159,CUST-0125,Laptop,MacBook Air M3,20,2025-12-18,2025-12-20,Cancelled,Germany,38640
ORD-00160,CUST-0001,Desktop,HP EliteBook 840,10,2026-03-15,2026-03-22,Delivered,United Kingdom,6620
ORD-00161,CUST-0022,Laptop,Dell XPS 13,10,2026-01-16,2026-01-19,Delivered,Netherlands,19310
ORD-00162,CUST-0025,Tablet,MacBook Pro M3,1,2025-01-02,2025-01-10,Delivered,US,258
ORD-00163,CUST-0031,Desktop,Dell XPS 13,5,2026-03-09,2026-03-16,Delivered,United States,6240
ORD-00164,CUST-0077,Desktop,HP EliteBook 840,20,2025-05-21,2025-05-25,Delivered,USA,12920
ORD-00165,CUST-0043,Desktop,Dell XPS 13,2,2026-03-27,2026-04-03,Delivered,UK,2406
ORD-00166,CUST-0026,Phone,MacBook Pro M4,10,2025-05-24,2025-05-29,Delivered,Germany,5030
ORD-00167,CUST-0064,Monitor,HP EliteBook 840,20,2026-07-21,2026-07-28,Delivered,USA,9160
ORD-00168,CUST-0049,Desktop,Dell XPS 13,1,2026-02-06,2026-02-15,Delivered,Canada,615
ORD-00169,CUST-0136,Desktop,Dell XPS 13,100,2025-01-13,,Failed,UK,93000
ORD-00170,CUST-0019,Desktop,MacBook Air M3,1,2025-01-18,2025-01-31,Delivered,France,1308
ORD-00171,CUST-0129,Tablet,Lenovo ThinkPad T14,5,2026-03-02,2026-03-04,Delivered,Singapore,2835
ORD-00172,CUST-0053,Laptop,MacBook Pro M4,5,2025-06-09,2025-06-24,Delivered,Canada,10400
ORD-00173,CUST-0112,Monitor,HP EliteBook 840,10,2025-04-29,2025-04-30,Delivered,Nigeria,3290
ORD-00174,CUST-0003,Tablet,HP EliteBook 840,2,2025-06-17,2025-06-23,Delivered,France,1050
ORD-00175,CUST-0031,Tablet,MacBook Air M3,5,2025-01-31,2025-02-09,Delivered,United States,3580
ORD-00176,CUST-0015,Desktop,MacBook Pro M4,1,2026-05-27,,In Transit,US,1087
ORD-00177,CUST-0063,Desktop,MacBook Pro M3,5,2025-02-17,2025-02-25,Delivered,Canada,5330
ORD-00178,CUST-0082,Laptop,Lenovo ThinkPad T14,10,2025-10-05,,In Transit,Singapore,20280
ORD-00179,CUST-0103,Monitor,MacBook Pro M4,50,2025-03-12,,In Transit,Singapore,30850
ORD-00180,CUST-0145,Monitor,Lenovo ThinkPad T14,2,2025-11-08,2025-11-12,Delivered,France,700
ORD-00181,CUST-0063,Desktop,Lenovo ThinkPad T14,5,2025-06-04,2025-06-10,Delivered,Canada,5755
ORD-00182,CUST-0097,Desktop,Dell XPS 13,5,2025-11-11,2025-11-16,Delivered,UK,2805
ORD-00183,CUST-0060,Phone,HP EliteBook 840,50,2026-06-17,2026-06-21,Delivered,Netherlands,38350
ORD-00184,CUST-0101,Desktop,MacBook Pro M3,1,2025-03-18,2025-03-28,Delivered,Germany,767
ORD-00185,CUST-0084,Desktop,MacBook Pro M3,2,2025-11-22,2025-11-30,Delivered,Germany,1222
ORD-00186,CUST-0081,Desktop,Dell XPS 13,2,2026-02-21,2026-02-25,Delivered,US,1948
ORD-00187,CUST-0078,Desktop,MacBook Air M3,50,2025-02-11,2025-02-21,Delivered,Australia,43200
ORD-00188,CUST-0067,Phone,Lenovo ThinkPad T14,5,2025-06-28,2025-07-06,Delivered,Germany,3615
ORD-00189,CUST-0036,Desktop,MacBook Pro M3,50,2025-05-05,2025-05-15,Delivered,Australia,67150
ORD-00190,CUST-0022,Laptop,MacBook Air M3,50,2026-08-20,2026-08-29,Delivered,Netherlands,39100
ORD-00191,CUST-0085,Desktop,Lenovo ThinkPad T14,5,2025-05-06,2025-05-09,Delivered,Germany,6705
ORD-00192,CUST-0110,Monitor,MacBook Pro M4,50,2025-06-26,2025-06-30,Delivered,France,9250
ORD-00193,CUST-0076,Laptop,MacBook Air M3,5,2026-05-26,2026-06-04,Delivered,United Kingdom,6110
ORD-00194,CUST-0135,Laptop,Dell XPS 13,20,2025-09-13,2025-09-22,Delivered,Singapore,27700
ORD-00195,CUST-0100,Desktop,MacBook Air M3,2,2025-10-04,2025-10-10,Delivered,United Kingdom,1118
ORD-00196,CUST-0060,Monitor,Lenovo ThinkPad T14,10,2025-06-13,2025-06-20,Delivered,Netherlands,3740
ORD-00197,CUST-0045,Monitor,Lenovo ThinkPad T14,2,2025-06-30,2025-07-12,Delivered,UK,1020
ORD-00198,CUST-0049,Laptop,MacBook Air M3,1,2026-05-20,2026-05-24,Delivered,Canada,765
ORD-00199,CUST-0085,Desktop,MacBook Pro M4,2,2025-07-26,,In Transit,Germany,1044
ORD-00200,CUST-0029,Monitor,HP EliteBook 840,100,2026-06-23,,In Transit,US,25300
ORD-00201,CUST-0041,Monitor,MacBook Pro M3,100,2026-03-24,2026-04-02,Delivered,Nigeria,51500
ORD-00202,CUST-0045,Desktop,MacBook Pro M3,10,2026-01-23,2026-01-29,Delivered,USA,12180
ORD-00203,CUST-0082,Phone,MacBook Pro M3,1,2025-08-15,2025-08-21,Delivered,Singapore,493
ORD-00204,CUST-0043,Monitor,Dell XPS 13,10,2025-04-01,,In Transit,UK,3640
ORD-00205,CUST-0066,Phone,HP EliteBook 840,1,2025-04-21,2025-05-02,Delivered,UK,754
ORD-00206,CUST-0097,Tablet,HP EliteBook 840,20,2025-04-14,,In Transit,UK,6500
ORD-00207,CUST-0009,Laptop,MacBook Air M3,2,2025-10-29,2025-11-08,Delivered,Singapore,2700
ORD-00208,CUST-0024,Phone,HP EliteBook 840,10,2025-12-13,2025-12-23,Delivered,Netherlands,8710
ORD-00209,CUST-0026,Tablet,HP EliteBook 840,2,2025-12-06,2025-12-18,Delivered,Germany,986
ORD-00210,CUST-0101,Laptop,MacBook Pro M4,5,2026-08-09,2026-08-16,Delivered,Germany,3285
ORD-00211,CUST-0123,Monitor,MacBook Air M3,2,2025-07-24,2025-08-02,Delivered,Singapore,536
ORD-00212,CUST-0068,Monitor,Dell XPS 13,5,2025-04-04,2025-04-09,Delivered,USA,3030
ORD-00213,CUST-0068,Desktop,HP EliteBook 840,10,2025-08-20,,In Transit,USA,5990
ORD-00214,CUST-0106,Tablet,Dell XPS 13,50,2025-08-21,2025-08-29,Delivered,United Kingdom,24550
ORD-00215,CUST-0021,Tablet,Lenovo ThinkPad T14,20,2026-02-09,,Cancelled,France,14180
ORD-00216,CUST-0055,Phone,MacBook Pro M3,5,2025-07-17,2025-07-23,Delivered,Singapore,2885
ORD-00217,CUST-0018,Monitor,MacBook Pro M4,5,2025-03-31,2025-04-07,Delivered,US,810
ORD-00218,CUST-0134,Tablet,Lenovo ThinkPad T14,1,2026-03-06,2026-03-15,Delivered,UK,358
ORD-00219,CUST-0026,Phone,MacBook Pro M4,50,2025-10-20,,In Transit,Germany,41750
ORD-00220,CUST-0045,Phone,MacBook Air M3,10,2025-10-10,2025-10-13,Delivered,UK,9570
ORD-00221,CUST-0122,Monitor,MacBook Pro M4,1,2025-10-03,2025-10-05,Cancelled,Netherlands,653
ORD-00222,CUST-0114,Laptop,MacBook Pro M3,5,2025-11-25,2025-12-10,Delivered,United States,7770
ORD-00223,CUST-0096,Monitor,HP EliteBook 840,1,2025-02-27,2025-03-01,Delivered,US,288
ORD-00224,CUST-0008,Laptop,MacBook Pro M3,50,2025-06-27,2025-06-29,Delivered,Germany,35850
ORD-00225,CUST-0071,Laptop,HP EliteBook 840,5,2026-01-13,,In Transit,Netherlands,3560
ORD-00226,CUST-0122,Monitor,HP EliteBook 840,2,2026-08-24,2026-09-04,Delivered,Netherlands,882
ORD-00227,CUST-0064,Desktop,MacBook Pro M4,10,2025-08-08,,In Transit,US,9190
ORD-00228,CUST-0045,Monitor,HP EliteBook 840,10,2025-01-09,2025-01-19,Delivered,UK,5830
ORD-00229,CUST-0118,Tablet,Lenovo ThinkPad T14,2,2025-09-16,2025-09-25,Delivered,Australia,1546
ORD-00230,CUST-0096,Monitor,HP EliteBook 840,10,2026-07-29,2026-08-07,Delivered,US,2150
ORD-00231,CUST-0071,Monitor,MacBook Pro M3,100,2025-09-25,2025-10-01,Delivered,Netherlands,39600
ORD-00232,CUST-0104,Phone,MacBook Pro M4,20,2025-11-24,2025-11-27,Delivered,Netherlands,12940
ORD-00233,CUST-0064,Tablet,HP EliteBook 840,20,2025-07-14,2025-07-21,Delivered,USA,11140
ORD-00234,CUST-0143,Monitor,HP EliteBook 840,5,2025-07-05,2025-07-09,Delivered,Germany,1685
ORD-00235,CUST-0057,Phone,MacBook Pro M4,50,2025-12-30,2026-01-09,Delivered,Canada,36200
ORD-00236,CUST-0019,Phone,Lenovo ThinkPad T14,5,2026-04-29,,Cancelled,France,5705
ORD-00237,CUST-0105,Desktop,MacBook Pro M4,100,2026-08-07,,Cancelled,Germany,129700
ORD-00238,CUST-0015,Desktop,Lenovo ThinkPad T14,2,2025-01-05,2025-01-11,Delivered,US,2002
ORD-00239,CUST-0110,Laptop,MacBook Air M3,5,2026-02-18,2026-02-21,Delivered,France,8715
ORD-00240,CUST-0136,Desktop,MacBook Pro M3,1,2025-07-15,2025-07-20,Delivered,UK,1398
ORD-00241,CUST-0129,Monitor,MacBook Pro M4,20,2025-11-10,2025-11-18,Delivered,Singapore,13640
ORD-00242,CUST-0035,Desktop,MacBook Pro M3,5,2025-12-17,2025-12-19,Failed,Netherlands,2595
ORD-00243,CUST-0130,Laptop,Dell XPS 13,20,2025-06-23,2025-06-27,Delivered,Germany,39220
ORD-00244,CUST-0013,Laptop,Dell XPS 13,1,2025-04-21,2025-04-24,Delivered,UK,1559
ORD-00245,CUST-0040,Monitor,Dell XPS 13,10,2025-07-30,2025-08-06,Delivered,USA,6820
ORD-00246,CUST-0036,Tablet,MacBook Air M3,1,2026-03-05,,In Transit,Australia,453
ORD-00247,CUST-0068,Phone,MacBook Pro M4,2,2026-06-20,2026-06-24,Failed,USA,2364
ORD-00248,CUST-0001,Tablet,HP EliteBook 840,50,2025-01-14,2025-01-21,Delivered,United Kingdom,38650
ORD-00249,CUST-0026,Monitor,MacBook Pro M4,5,2025-09-20,2025-09-24,Delivered,Germany,1260
ORD-00250,CUST-0075,Laptop,MacBook Air M3,2,2026-01-04,,In Transit,Canada,1486
ORD-00251,CUST-0092,Laptop,MacBook Pro M4,2,2026-03-25,2026-03-28,Failed,UK,2702
ORD-00252,CUST-0123,Laptop,MacBook Pro M3,20,2026-03-08,2026-03-13,Delivered,Singapore,41500
ORD-00253,CUST-0124,Phone,MacBook Pro M4,2,2026-08-06,2026-08-13,Delivered,Singapore,1488
ORD-00254,CUST-0106,Monitor,MacBook Air M3,2,2026-03-28,2026-03-29,Delivered,United Kingdom,1374
ORD-00255,CUST-0058,Tablet,MacBook Air M3,10,2025-12-13,2025-12-14,Delivered,UK,6040
ORD-00256,CUST-0099,Tablet,MacBook Air M3,5,2025-06-02,,In Transit,UK,3650
ORD-00257,CUST-0043,Monitor,MacBook Pro M4,2,2025-03-18,2025-03-22,Delivered,UK,756
ORD-00258,CUST-0061,Phone,MacBook Air M3,20,2025-03-22,2025-03-28,Delivered,United States,7420
ORD-00259,CUST-0005,Tablet,MacBook Air M3,1,2025-04-16,2025-04-24,Delivered,Nigeria,770
ORD-00260,CUST-0117,Desktop,Dell XPS 13,1,2025-12-16,2025-12-28,Delivered,US,1073
ORD-00261,CUST-0116,Laptop,MacBook Pro M4,10,2025-04-27,2025-05-07,Delivered,Germany,13770
ORD-00262,CUST-0028,Phone,MacBook Air M3,5,2025-02-16,2025-02-20,Cancelled,US,2210
ORD-00263,CUST-0049,Tablet,MacBook Air M3,5,2025-12-13,2025-12-19,Delivered,USA,3800
ORD-00264,CUST-0013,Phone,Lenovo ThinkPad T14,50,2026-07-21,,Cancelled,UK,49900
ORD-00265,CUST-0083,Tablet,HP EliteBook 840,5,2026-06-01,,Cancelled,Germany,2755
ORD-00266,CUST-0106,Monitor,HP EliteBook 840,10,2026-06-09,2026-06-15,Delivered,United Kingdom,3720
ORD-00267,CUST-0075,Desktop,Lenovo ThinkPad T14,1,2025-12-20,2025-12-25,Cancelled,Canada,1210
ORD-00268,CUST-0064,Tablet,MacBook Pro M4,50,2026-03-04,2026-03-06,Delivered,US,17950
ORD-00269,CUST-0014,Desktop,MacBook Pro M4,20,2025-02-27,2025-03-05,Delivered,Germany,15120
ORD-00270,CUST-0076,Phone,MacBook Air M3,1,2025-07-28,2025-08-02,Delivered,United Kingdom,1010
ORD-00271,CUST-0061,Monitor,HP EliteBook 840,20,2026-06-08,2026-06-16,Delivered,United States,10800
ORD-00272,CUST-0081,Desktop,Lenovo ThinkPad T14,20,2026-07-20,2026-07-23,Delivered,US,26980
ORD-00273,CUST-0095,Desktop,MacBook Pro M4,2,2026-07-14,2026-07-23,Delivered,UK,1362
ORD-00274,CUST-0031,Monitor,MacBook Pro M3,2,2026-01-22,2026-02-04,Delivered,United States,822
ORD-00275,CUST-0040,Laptop,HP EliteBook 840,2,2025-02-10,2025-02-16,Delivered,USA,3820
ORD-00276,CUST-0019,Tablet,MacBook Air M3,100,2025-11-22,2025-11-30,Delivered,France,79900
ORD-00277,CUST-0090,Monitor,MacBook Pro M4,10,2025-08-15,2025-08-16,Cancelled,Australia,6930
ORD-00278,CUST-0089,Tablet,MacBook Pro M3,10,2026-04-02,2026-04-11,Delivered,Australia,3660
ORD-00279,CUST-0139,Monitor,Lenovo ThinkPad T14,5,2025-10-17,2025-10-22,Delivered,US,3240
ORD-00280,CUST-0050,Desktop,Lenovo ThinkPad T14,100,2025-11-25,2025-12-02,Delivered,United Kingdom,50700
ORD-00281,CUST-0055,Phone,HP EliteBook 840,2,2026-03-11,,In Transit,Singapore,548
ORD-00282,CUST-0010,Monitor,Lenovo ThinkPad T14,1,2025-03-31,2025-04-07,Delivered,Singapore,383
ORD-00283,CUST-0116,Laptop,Lenovo ThinkPad T14,1,2026-02-19,2026-02-26,Delivered,Germany,662
ORD-00284,CUST-0019,Monitor,Lenovo ThinkPad T14,1,2026-01-02,2026-01-03,Cancelled,France,598
ORD-00285,CUST-0137,Tablet,MacBook Pro M4,5,2025-08-14,2025-08-17,Delivered,Australia,4980
ORD-00286,CUST-0003,Laptop,MacBook Air M3,1,2026-07-21,,In Transit,France,1822
ORD-00287,CUST-0079,Monitor,MacBook Pro M3,50,2025-08-04,2025-08-11,Delivered,UK,33700
ORD-00288,CUST-0065,Tablet,MacBook Air M3,10,2025-07-18,2025-07-26,Delivered,Australia,9370
ORD-00289,CUST-0026,Monitor,MacBook Pro M4,5,2025-07-22,2025-08-03,Delivered,Germany,1950
ORD-00290,CUST-0050,Monitor,HP EliteBook 840,2,2025-11-22,2025-12-02,Delivered,United Kingdom,1046
ORD-00291,CUST-0044,Phone,MacBook Pro M4,20,2025-01-05,2025-01-20,Delivered,Australia,22960
ORD-00292,CUST-0092,Tablet,MacBook Air M3,1,2025-11-09,2025-11-12,Delivered,UK,801
ORD-00293,CUST-0020,Laptop,Lenovo ThinkPad T14,50,2025-03-19,,Cancelled,UK,91750
ORD-00294,CUST-0139,Phone,MacBook Pro M3,1,2026-04-29,2026-05-09,Delivered,US,387
ORD-00295,CUST-0024,Desktop,Lenovo ThinkPad T14,1,2026-02-11,2026-02-18,Delivered,Netherlands,669
ORD-00296,CUST-0145,Phone,MacBook Pro M4,100,2026-08-03,2026-08-18,Delivered,France,48700
ORD-00297,CUST-0060,Monitor,Dell XPS 13,5,2025-02-13,2025-02-16,Delivered,Netherlands,985
ORD-00298,CUST-0134,Tablet,Lenovo ThinkPad T14,2,2025-10-08,,In Transit,UK,1702
ORD-00299,CUST-0020,Desktop,Lenovo ThinkPad T14,100,2026-06-14,2026-06-17,Delivered,UK,86100
ORD-00300,CUST-0002,Desktop,MacBook Air M3,5,2026-05-29,,Cancelled,United States,5790
ORD-00301,CUST-0031,Laptop,Dell XPS 13,2,2025-08-24,2025-08-28,Delivered,United States,4064
ORD-00302,CUST-0106,Tablet,MacBook Pro M3,1,2025-01-23,2025-01-24,Delivered,United Kingdom,836
ORD-00303,CUST-0043,Phone,Lenovo ThinkPad T14,5,2025-09-22,2025-09-25,Cancelled,UK,5745
ORD-00304,CUST-0056,Phone,MacBook Pro M3,5,2026-04-05,2026-04-09,Delivered,UK,4325
ORD-00305,CUST-0047,Monitor,Dell XPS 13,20,2026-06-08,2026-06-11,Delivered,USA,4400
ORD-00306,CUST-0028,Tablet,HP EliteBook 840,50,2025-01-17,2025-01-24,Delivered,US,17400
ORD-00307,CUST-0010,Phone,HP EliteBook 840,1,2026-06-29,2026-07-07,Delivered,Singapore,1168
ORD-00308,CUST-0134,Tablet,Dell XPS 13,1,2026-03-07,2026-03-21,Delivered,UK,640
ORD-00309,CUST-0026,Desktop,MacBook Air M3,5,2026-03-12,2026-03-22,Delivered,USA,5560
ORD-00310,CUST-0002,Phone,HP EliteBook 840,5,2026-08-15,2026-08-19,Delivered,United States,3340
ORD-00311,CUST-0110,Phone,Lenovo ThinkPad T14,50,2026-08-23,2026-08-26,Delivered,France,47300
ORD-00312,CUST-0106,Monitor,Lenovo ThinkPad T14,5,2026-07-20,2026-07-28,Delivered,United Kingdom,2045
ORD-00313,CUST-0102,Desktop,Dell XPS 13,10,2025-05-22,,In Transit,Germany,6650
ORD-00314,CUST-0087,Laptop,MacBook Pro M3,10,2026-07-18,2026-07-19,Delivered,UK,14460
ORD-00315,CUST-0121,Monitor,MacBook Air M3,2,2026-03-22,2026-04-05,Delivered,Canada,1086
ORD-00316,CUST-0074,Phone,Dell XPS 13,20,2025-02-28,,Cancelled,United States,10840
ORD-00317,CUST-0133,Monitor,MacBook Pro M3,10,2025-08-26,2025-09-06,Delivered,Singapore,3110
ORD-00318,CUST-0091,Laptop,HP EliteBook 840,2,2026-02-09,2026-02-14,Delivered,United Kingdom,4182
ORD-00319,CUST-0144,Monitor,MacBook Pro M3,100,2026-08-20,2026-08-21,Delivered,US,61500
ORD-00319,CUST-0105,Monitor,MacBook Pro M4,1,2026-06-03,2026-06-15,Delivered,Germany,675
ORD-00321,CUST-0065,Desktop,MacBook Pro M4,10,2026-03-30,2026-04-03,Failed,Australia,11970
ORD-00322,CUST-0018,Desktop,MacBook Pro M4,100,2026-01-27,2026-02-02,Delivered,US,86100
ORD-00323,CUST-0068,Monitor,MacBook Air M3,5,2025-09-12,2025-09-23,Delivered,USA,3185
ORD-00324,CUST-0064,Desktop,Dell XPS 13,20,2025-10-03,2025-10-04,Delivered,USA,14800
ORD-00325,CUST-0052,Laptop,MacBook Air M3,2,2025-09-13,,In Transit,UK,1620
ORD-00326,CUST-0139,Monitor,Dell XPS 13,2,2025-02-13,,In Transit,US,862
ORD-00327,CUST-0131,Desktop,MacBook Air M3,20,2025-10-14,2025-10-18,Delivered,United States,26360
ORD-00328,CUST-0101,Tablet,Dell XPS 13,1,2025-06-28,2025-07-05,Delivered,Germany,940
ORD-00329,CUST-0026,Desktop,Lenovo ThinkPad T14,50,2025-11-30,2025-12-07,Delivered,Germany,37100
ORD-00330,CUST-0048,Monitor,MacBook Pro M4,5,2026-05-26,2026-05-31,Delivered,Canada,3055
ORD-00331,CUST-0059,Tablet,Dell XPS 13,20,2025-04-13,2025-04-22,Delivered,United Kingdom,8060
ORD-00332,CUST-0003,Tablet,Lenovo ThinkPad T14,1,2025-06-30,2025-07-02,Delivered,France,506
ORD-00333,CUST-0018,Laptop,MacBook Pro M3,10,2025-02-18,2025-02-24,Delivered,US,11700
ORD-00334,CUST-0093,Monitor,MacBook Air M3,20,2026-07-28,2026-08-04,Delivered,Nigeria,10180
ORD-00335,CUST-0051,Desktop,MacBook Pro M4,10,2026-08-14,2026-08-23,Delivered,UK,8320
ORD-00336,CUST-0098,Desktop,HP EliteBook 840,100,2025-10-21,2025-10-30,Delivered,United Kingdom,93100
ORD-00337,CUST-0088,Monitor,Lenovo ThinkPad T14,10,2025-08-22,2025-08-24,Delivered,Australia,4270
ORD-00338,CUST-0093,Desktop,MacBook Air M3,5,2026-06-18,2026-06-19,Failed,Nigeria,6225
ORD-00339,CUST-0102,Phone,Lenovo ThinkPad T14,100,2025-04-16,2025-04-17,Delivered,Germany,78600
ORD-00340,CUST-0040,Monitor,MacBook Pro M3,50,2025-03-28,2025-04-09,Delivered,USA,22000
ORD-00341,CUST-0135,Monitor,Dell XPS 13,10,2025-06-24,2025-07-02,Delivered,Singapore,4280
ORD-00342,CUST-0139,Tablet,Dell XPS 13,5,2025-07-01,2025-07-05,Delivered,US,3025
ORD-00343,CUST-0059,Monitor,MacBook Pro M3,2,2025-04-02,2025-04-15,Delivered,United Kingdom,300
ORD-00344,CUST-0121,Phone,MacBook Pro M4,50,2026-07-02,2026-07-09,Delivered,Canada,53350
ORD-00345,CUST-0002,Tablet,Dell XPS 13,5,2026-07-16,2026-07-27,Delivered,United States,4555
ORD-00346,CUST-0097,Desktop,Lenovo ThinkPad T14,5,2025-08-14,2025-08-21,Delivered,UK,6630
ORD-00347,CUST-0069,Desktop,MacBook Pro M4,1,2026-02-27,2026-03-14,Delivered,Germany,1152
ORD-00348,CUST-0126,Tablet,MacBook Air M3,1,2025-07-12,2025-07-26,Delivered,Canada,378
ORD-00349,CUST-0003,Desktop,MacBook Pro M4,1,2025-08-27,2025-09-02,Delivered,France,819
ORD-00350,CUST-0009,Desktop,MacBook Air M3,20,2025-12-05,2025-12-15,Delivered,Singapore,25880
ORD-00351,CUST-0050,Laptop,HP EliteBook 840,20,2025-09-14,,In Transit,United Kingdom,23180
ORD-00352,CUST-0025,Phone,HP EliteBook 840,2,2026-06-18,2026-06-27,Delivered,US,1788
ORD-00353,CUST-0141,Monitor,MacBook Pro M3,5,2026-06-18,2026-06-30,Delivered,Singapore,1865
ORD-00354,CUST-0084,Laptop,Dell XPS 13,2,2025-01-16,2025-01-19,Delivered,Germany,2294
ORD-00355,CUST-0040,Phone,MacBook Air M3,2,2026-01-16,2026-01-25,Delivered,USA,2054
ORD-00356,CUST-0092,Desktop,Dell XPS 13,20,2025-06-07,2025-06-18,Delivered,UK,16480
ORD-00357,CUST-0006,Laptop,Dell XPS 13,1,2026-01-22,2026-01-23,Delivered,Canada,2097
ORD-00358,CUST-0018,Phone,MacBook Pro M4,2,2025-07-11,2025-07-13,Delivered,US,640
ORD-00359,CUST-0076,Tablet,Dell XPS 13,5,2025-09-27,2025-09-28,Delivered,United Kingdom,4425
ORD-00360,CUST-0017,Phone,Lenovo ThinkPad T14,2,2026-07-06,,In Transit,,1160
ORD-00361,CUST-0029,Desktop,MacBook Pro M3,1,2025-04-09,2025-04-14,Delivered,US,706
ORD-00362,CUST-0064,Tablet,MacBook Pro M4,5,2026-02-02,2026-02-11,Delivered,USA,4925
ORD-00363,CUST-0054,Phone,HP EliteBook 840,50,2026-05-19,2026-05-20,Cancelled,,54550
ORD-00364,CUST-0069,Monitor,MacBook Air M3,1,2026-06-26,2026-07-09,Delivered,Germany,249
ORD-00365,CUST-0099,Tablet,HP EliteBook 840,10,2025-07-14,2025-07-21,Delivered,UK,3580
ORD-00366,CUST-0092,Laptop,MacBook Pro M3,5,2026-04-15,2026-04-28,Delivered,UK,5095
ORD-00367,CUST-0137,Tablet,MacBook Pro M4,50,2026-03-30,,Cancelled,Australia,49650
ORD-00368,CUST-0140,Monitor,MacBook Pro M4,5,2025-08-08,2025-08-09,Delivered,United States,2780
ORD-00369,CUST-0005,Laptop,MacBook Pro M4,50,2026-06-15,2026-06-16,Delivered,Nigeria,55200
ORD-00370,CUST-0142,Desktop,MacBook Air M3,50,2026-06-08,2026-06-14,Delivered,Netherlands,48550
ORD-00371,CUST-0064,Tablet,Dell XPS 13,2,2025-08-27,2025-09-04,Delivered,USA,1164
ORD-00372,CUST-0045,Tablet,MacBook Air M3,10,2026-05-15,,In Transit,UK,9980
ORD-00373,CUST-0098,Monitor,MacBook Pro M4,50,2025-03-22,2025-03-28,Delivered,United Kingdom,13650
ORD-00374,CUST-0003,Monitor,Lenovo ThinkPad T14,5,2026-01-27,2026-01-28,Delivered,France,2420
ORD-00375,CUST-0013,Tablet,Lenovo ThinkPad T14,20,2026-02-07,,Failed,UK,13060
ORD-00376,CUST-0122,Monitor,MacBook Air M3,5,2026-08-09,2026-08-15,Delivered,Netherlands,2970
ORD-00377,CUST-0035,Tablet,MacBook Pro M3,5,2026-05-08,2026-05-09,Delivered,Netherlands,2490
ORD-00378,CUST-0111,Laptop,HP EliteBook 840,10,2025-11-28,2025-12-07,Delivered,France,14970
ORD-00379,CUST-0007,Phone,Lenovo ThinkPad T14,2,2025-11-09,2025-11-17,Delivered,United States,2392
ORD-00380,CUST-0096,Laptop,HP EliteBook 840,50,2025-06-09,2025-06-12,Delivered,USA,38050
ORD-00381,CUST-0029,Desktop,HP EliteBook 840,1,2025-11-09,2025-11-13,Delivered,US,716
ORD-00382,CUST-0141,Laptop,Dell XPS 13,100,2026-05-10,2026-05-12,Delivered,Singapore,184300
ORD-00383,CUST-0073,Laptop,Dell XPS 13,10,2025-07-25,2025-07-31,Delivered,Canada,19900
ORD-00384,CUST-0093,Phone,MacBook Pro M3,50,2025-04-21,2025-05-01,Delivered,Nigeria,58750
ORD-00385,CUST-0137,Phone,Lenovo ThinkPad T14,5,2025-04-01,2025-04-04,Delivered,Australia,5970
ORD-00386,CUST-0126,Monitor,MacBook Pro M4,1,2026-02-07,2026-02-16,Delivered,Canada,391
ORD-00387,CUST-0066,Laptop,Lenovo ThinkPad T14,20,2026-02-01,2026-02-02,Cancelled,UK,24460
ORD-00388,CUST-0134,Phone,MacBook Pro M4,10,2025-08-21,2025-08-25,Delivered,UK,8050
ORD-00389,CUST-0036,Desktop,MacBook Pro M4,20,2026-08-18,2026-08-21,Delivered,Australia,24440
ORD-00390,CUST-0038,Tablet,Lenovo ThinkPad T14,2,2026-08-02,2026-08-05,Cancelled,Nigeria,798
ORD-00391,CUST-0106,Monitor,MacBook Pro M3,20,2026-02-26,2026-03-04,Delivered,United Kingdom,5680
ORD-00392,CUST-0069,Desktop,HP EliteBook 840,10,2026-08-04,2026-08-06,Delivered,Germany,8670
ORD-00393,CUST-0121,Phone,MacBook Pro M3,5,2026-01-18,2026-01-22,Delivered,Canada,1415
ORD-00394,CUST-0004,Desktop,MacBook Pro M3,2,2025-10-04,,Failed,Canada,1362
ORD-00395,CUST-0118,Tablet,HP EliteBook 840,20,2025-09-10,2025-09-12,Delivered,Australia,17520
ORD-00396,CUST-0064,Laptop,Lenovo ThinkPad T14,50,2026-07-04,2026-07-18,Delivered,USA,43650
ORD-00397,CUST-0063,Laptop,Lenovo ThinkPad T14,100,2026-06-16,2026-06-23,Delivered,Canada,144300
ORD-00398,CUST-0078,Tablet,MacBook Air M3,5,2025-10-20,2025-10-24,Delivered,Australia,4555
ORD-00399,CUST-0129,Tablet,MacBook Pro M3,10,2025-04-26,2025-05-03,Delivered,Singapore,2750
ORD-00400,CUST-0052,Desktop,HP EliteBook 840,2,2026-04-11,2026-04-17,Delivered,UK,1186
ORD-00401,CUST-0022,Tablet,Lenovo ThinkPad T14,20,2026-06-21,2026-06-27,Delivered,Netherlands,8480
ORD-00402,CUST-0145,Laptop,Dell XPS 13,1,2025-06-03,2025-06-12,Delivered,France,1280
ORD-00403,CUST-0034,Laptop,Dell XPS 13,20,2025-07-27,2025-08-06,Delivered,Netherlands,33380
ORD-00404,CUST-0127,Phone,Dell XPS 13,10,2025-09-01,2025-09-05,Delivered,United States,5000
ORD-00405,CUST-0143,Monitor,MacBook Air M3,1,2025-08-01,2025-08-05,Delivered,Germany,183
ORD-00406,CUST-0077,Phone,MacBook Pro M3,1,2025-12-06,2025-12-11,Cancelled,United States,875
ORD-00407,CUST-0144,Monitor,MacBook Air M3,20,2025-07-01,2025-07-02,Failed,Germany,9120
ORD-00408,CUST-0141,Monitor,MacBook Pro M4,1,2025-03-08,2025-03-13,Delivered,Singapore,687
ORD-00409,CUST-0015,Tablet,MacBook Air M3,100,2025-04-22,2025-04-23,Delivered,US,87300
ORD-00410,CUST-0067,Desktop,Lenovo ThinkPad T14,10,2026-06-23,2026-06-24,Delivered,Germany,10080
ORD-00411,CUST-0047,Laptop,MacBook Air M3,100,2025-08-27,2025-09-08,Delivered,USA,69900
ORD-00412,CUST-0107,Desktop,MacBook Air M3,2,2026-02-28,2026-03-13,Delivered,UK,1412
ORD-00413,CUST-0130,Monitor,MacBook Pro M4,1,2026-07-18,2026-07-24,Delivered,Germany,179
ORD-00414,CUST-0087,Desktop,Dell XPS 13,20,2026-05-06,2026-05-10,Cancelled,UK,22840
ORD-00415,CUST-0106,Monitor,Lenovo ThinkPad T14,2,2025-02-27,,In Transit,United Kingdom,726
ORD-00416,CUST-0091,Laptop,MacBook Pro M4,2,2025-03-09,,Failed,United Kingdom,2836
ORD-00417,CUST-0030,Laptop,MacBook Pro M4,2,2025-11-12,2025-11-21,Delivered,United Kingdom,2994
ORD-00418,CUST-0078,Monitor,MacBook Air M3,1,2025-08-10,2025-08-18,Delivered,Australia,604
ORD-00419,CUST-0129,Tablet,MacBook Pro M4,50,2025-06-07,2025-06-26,Delivered,Singapore,38900
ORD-00420,CUST-0034,Tablet,MacBook Air M3,5,2025-07-30,2025-08-10,Delivered,Netherlands,4290
ORD-00421,CUST-0086,Monitor,MacBook Air M3,1,2026-04-24,,Cancelled,Nigeria,469
ORD-00422,CUST-0071,Laptop,MacBook Pro M4,5,2026-06-30,2026-07-06,Delivered,Netherlands,4775
ORD-00423,CUST-0144,Tablet,MacBook Pro M4,5,2026-06-11,2026-06-14,Delivered,Germany,2500
ORD-00424,CUST-0080,Laptop,Dell XPS 13,1,2025-12-13,2025-12-14,Delivered,US,2033
ORD-00425,CUST-0101,Phone,Lenovo ThinkPad T14,50,2025-07-03,2025-07-10,Delivered,Germany,54350
ORD-00426,CUST-0137,Phone,Lenovo ThinkPad T14,20,2025-03-22,,Failed,Australia,6980
ORD-00427,CUST-0120,Tablet,MacBook Pro M4,2,2026-04-27,2026-04-30,Delivered,United Kingdom,1862
ORD-00428,CUST-0084,Laptop,MacBook Pro M4,1,2026-04-10,2026-04-11,Delivered,Germany,1630
ORD-00429,CUST-0033,Laptop,MacBook Pro M4,20,2026-06-05,2026-06-09,Delivered,Netherlands,35760
ORD-00430,CUST-0103,Desktop,Dell XPS 13,2,2026-02-28,2026-03-02,Delivered,Singapore,1134
ORD-00431,CUST-0112,Desktop,MacBook Pro M3,5,2026-08-04,2026-08-17,Delivered,Nigeria,5925
ORD-00432,CUST-0125,Tablet,MacBook Air M3,5,2025-04-28,2025-05-08,Delivered,Germany,1605
ORD-00433,CUST-0098,Laptop,MacBook Pro M3,10,2025-12-02,2025-12-08,Delivered,United Kingdom,9340
ORD-00434,CUST-0116,Phone,MacBook Pro M3,10,2026-06-29,2026-07-11,Delivered,Germany,5560
ORD-00435,CUST-0078,Laptop,Lenovo ThinkPad T14,50,2026-03-22,2026-03-29,Delivered,Australia,33300
ORD-00436,CUST-0016,Laptop,HP EliteBook 840,100,2026-01-14,2026-01-16,Cancelled,Australia,179600
ORD-00437,CUST-0101,Phone,Lenovo ThinkPad T14,5,2025-11-22,2025-11-25,Delivered,Germany,3680
ORD-00438,CUST-0099,Desktop,MacBook Pro M3,1,2026-01-04,,In Transit,UK,573
ORD-00439,CUST-0112,Phone,Dell XPS 13,10,2025-05-20,2025-06-02,Delivered,Nigeria,8880
ORD-00440,CUST-0109,Desktop,MacBook Pro M3,5,2026-07-20,,In Transit,Singapore,5595
ORD-00441,CUST-0061,Tablet,MacBook Pro M4,50,2026-05-29,2026-06-07,Delivered,United States,31350
ORD-00442,CUST-0124,Monitor,Dell XPS 13,20,2025-03-23,2025-03-25,Delivered,Singapore,13700
ORD-00443,CUST-0121,Tablet,MacBook Pro M4,5,2025-03-21,2025-03-27,Delivered,Canada,1305
ORD-00444,CUST-0132,Monitor,MacBook Pro M4,2,2026-04-26,2026-04-29,Delivered,Germany,372
ORD-00445,CUST-0145,Desktop,Lenovo ThinkPad T14,5,2025-09-24,2025-09-25,Delivered,United States,5860
ORD-00446,CUST-0022,Monitor,MacBook Pro M4,50,2025-05-10,2025-05-20,Delivered,US,21850
ORD-00447,CUST-0045,Desktop,MacBook Pro M4,2,2025-06-04,2025-06-18,Delivered,UK,1482
ORD-00448,CUST-0088,Desktop,Dell XPS 13,10,2025-03-28,,Failed,Australia,12880
ORD-00449,CUST-0054,Monitor,MacBook Air M3,2,2026-08-15,2026-08-16,Delivered,,1250
ORD-00450,CUST-0137,Phone,MacBook Pro M4,10,2025-08-28,2025-09-06,Delivered,Australia,2620
ORD-00451,CUST-0115,Laptop,MacBook Air M3,100,2026-01-27,2026-01-31,Delivered,USA,173800
ORD-00452,CUST-0070,Monitor,HP EliteBook 840,20,2025-12-10,2025-12-15,Delivered,Canada,12440
ORD-00453,CUST-0050,Desktop,MacBook Pro M4,10,2026-06-17,2026-06-21,Delivered,US,5100
ORD-00454,CUST-0135,Monitor,MacBook Pro M4,2,2025-04-17,2025-04-20,Delivered,Singapore,348
ORD-00455,CUST-0056,Tablet,MacBook Pro M3,1,2025-05-05,2025-05-12,Delivered,UK,363
ORD-00456,CUST-0065,Phone,MacBook Pro M4,100,2025-10-29,2025-11-01,Delivered,Australia,51300
ORD-00457,CUST-0071,Laptop,MacBook Pro M4,2,2025-03-05,2025-03-13,Delivered,Netherlands,2384
ORD-00458,CUST-0052,Desktop,Lenovo ThinkPad T14,5,2026-02-07,2026-02-13,Delivered,UK,3615
ORD-00459,CUST-0027,Monitor,Dell XPS 13,10,2025-02-05,2025-02-11,Delivered,US,3020
ORD-00460,CUST-0100,Phone,Lenovo ThinkPad T14,2,2025-09-30,2025-10-03,Delivered,United Kingdom,1478
ORD-00461,CUST-0018,Phone,MacBook Air M3,5,2026-07-08,2026-07-12,Delivered,US,2955
ORD-00462,CUST-0015,Monitor,MacBook Air M3,50,2025-04-03,2025-04-13,Delivered,US,22300
ORD-00463,CUST-0011,Phone,MacBook Air M3,2,2026-01-29,2026-02-07,Delivered,Nigeria,1496
ORD-00464,CUST-0113,Tablet,MacBook Pro M3,2,2025-07-14,2025-07-17,Delivered,UK,1606
ORD-00465,CUST-0128,Laptop,MacBook Air M3,20,2026-07-01,,Failed,Canada,26880
ORD-00466,CUST-0134,Tablet,MacBook Pro M3,50,2026-04-15,,Cancelled,USA,19700
ORD-00467,CUST-0012,Desktop,HP EliteBook 840,1,2025-09-06,2025-09-13,Delivered,Singapore,814
ORD-00468,CUST-0017,Tablet,MacBook Pro M3,10,2025-04-19,2025-04-29,Delivered,,5950
ORD-00469,CUST-0103,Tablet,MacBook Pro M3,10,2025-11-29,2025-11-30,Delivered,Singapore,2960
ORD-00470,CUST-0086,Phone,MacBook Pro M3,1,2025-03-06,2025-03-15,Delivered,Nigeria,699
ORD-00471,CUST-0011,Tablet,Dell XPS 13,50,2025-05-17,2025-05-21,Delivered,US,12800
ORD-00472,CUST-0073,Phone,HP EliteBook 840,20,2026-03-03,2026-03-12,Delivered,Canada,18100
ORD-00473,CUST-0106,Laptop,Lenovo ThinkPad T14,10,2025-09-02,,Cancelled,United Kingdom,10180
ORD-00474,CUST-0090,Laptop,Lenovo ThinkPad T14,2,2026-03-05,2026-03-08,Delivered,Australia,1690
ORD-00475,CUST-0119,Desktop,HP EliteBook 840,2,2025-08-02,2025-08-03,Delivered,Germany,2018
ORD-00476,CUST-0014,Monitor,Lenovo ThinkPad T14,5,2026-01-08,2026-01-09,Delivered,Germany,1280
ORD-00477,CUST-0046,Laptop,MacBook Air M3,5,2025-06-11,2025-06-18,Delivered,Nigeria,5655
ORD-00478,CUST-0051,Desktop,MacBook Air M3,1,2025-11-30,2025-12-08,Delivered,UK,1255
ORD-00479,CUST-0057,Phone,MacBook Pro M3,5,2025-03-17,2025-03-20,Delivered,Canada,2160
ORD-00480,CUST-0118,Desktop,MacBook Pro M4,100,2025-07-18,2025-07-27,Delivered,Australia,53200
ORD-00481,CUST-0120,Desktop,MacBook Pro M4,20,2026-04-15,2026-04-16,Delivered,United Kingdom,13200
ORD-00482,CUST-0023,Desktop,Lenovo ThinkPad T14,5,2026-02-26,,In Transit,Singapore,6785
ORD-00483,CUST-0064,Tablet,MacBook Pro M3,10,2025-09-11,2025-09-17,Delivered,USA,2910
ORD-00484,CUST-0130,Laptop,Dell XPS 13,5,2025-02-04,2025-02-06,Delivered,Germany,8320
ORD-00485,CUST-0105,Laptop,MacBook Air M3,2,2025-08-12,2025-08-16,Delivered,Germany,3264
ORD-00486,CUST-0064,Desktop,HP EliteBook 840,5,2026-08-21,2026-08-28,Delivered,USA,3445
ORD-00487,CUST-0001,Tablet,MacBook Air M3,10,2025-03-14,2025-03-17,Delivered,United Kingdom,8770
ORD-00488,CUST-0054,Laptop,Lenovo ThinkPad T14,2,2025-03-24,2025-03-29,Delivered,,4062
ORD-00489,CUST-0011,Laptop,Lenovo ThinkPad T14,10,2026-01-10,2026-01-21,Delivered,Nigeria,10690
ORD-00490,CUST-0123,Desktop,MacBook Pro M4,10,2026-08-18,,In Transit,Singapore,7730
ORD-00491,CUST-0017,Tablet,MacBook Air M3,5,2026-01-17,2026-01-21,Delivered,,3975
ORD-00492,CUST-0116,Laptop,MacBook Pro M3,100,2026-01-12,2026-01-22,Delivered,Germany,158700
ORD-00493,CUST-0020,Desktop,Dell XPS 13,1,2025-04-22,2025-04-24,Delivered,United States,1395
ORD-00494,CUST-0139,Laptop,MacBook Pro M4,5,2025-05-16,2025-05-25,Delivered,US,5185
ORD-00495,CUST-0134,Monitor,Dell XPS 13,2,2025-12-10,2025-12-22,Delivered,UK,1384
ORD-00496,CUST-0078,Desktop,MacBook Pro M4,20,2026-08-04,2026-08-05,Delivered,Australia,19900
ORD-00497,CUST-0073,Desktop,HP EliteBook 840,10,2026-04-12,2026-04-14,Failed,Canada,7920
ORD-00498,CUST-0030,Phone,MacBook Pro M4,10,2025-02-12,,Failed,United Kingdom,8250
ORD-00499,CUST-0089,Desktop,Lenovo ThinkPad T14,5,2025-06-01,2025-06-04,Delivered,Australia,3120
ORD-00500,CUST-0118,Tablet,Lenovo ThinkPad T14,100,2025-11-24,2025-12-03,Delivered,Australia,54600
ORD-00501,CUST-0064,Phone,MacBook Pro M4,20,2025-05-31,2025-06-06,Delivered,USA,23420
ORD-00502,CUST-0142,Desktop,Dell XPS 13,5,2025-04-30,2025-05-08,Delivered,Netherlands,2970
ORD-00503,CUST-0135,Desktop,MacBook Air M3,20,2025-08-16,2025-08-20,Delivered,Singapore,21020
ORD-00504,CUST-0132,Tablet,Lenovo ThinkPad T14,2,2026-02-08,2026-02-15,Delivered,Germany,802
ORD-00505,CUST-0110,Monitor,MacBook Pro M4,1,2026-01-14,2026-01-20,Delivered,France,239
ORD-00506,CUST-0107,Phone,HP EliteBook 840,20,2026-03-30,2026-04-10,Delivered,UK,7940
ORD-00507,CUST-0135,Phone,MacBook Air M3,100,2025-12-10,2025-12-18,Delivered,Singapore,67400
ORD-00508,CUST-0018,Monitor,Lenovo ThinkPad T14,50,2025-05-21,2025-05-29,Delivered,US,22950
ORD-00509,CUST-0144,Desktop,MacBook Pro M4,20,2026-04-20,2026-04-25,Delivered,Germany,23100
ORD-00510,CUST-0074,Desktop,MacBook Air M3,50,2026-03-04,2026-03-09,Delivered,United States,64150
ORD-00511,CUST-0093,Monitor,HP EliteBook 840,5,2026-08-19,2026-08-24,Delivered,Nigeria,1360
ORD-00512,CUST-0005,Monitor,Dell XPS 13,1,2025-09-23,2025-10-01,Delivered,Nigeria,515
ORD-00513,CUST-0108,Laptop,Lenovo ThinkPad T14,2,2025-12-31,2026-01-05,Delivered,Netherlands,2092
ORD-00514,CUST-0043,Monitor,MacBook Pro M4,2,2026-07-11,2026-07-19,Delivered,UK,1042
ORD-00515,CUST-0037,Phone,Dell XPS 13,2,2025-01-14,2025-01-29,Delivered,United States,946
ORD-00516,CUST-0049,Tablet,Lenovo ThinkPad T14,50,2026-07-27,2026-08-06,Delivered,Canada,36050
ORD-00517,CUST-0030,Monitor,HP EliteBook 840,5,2025-05-15,,Cancelled,United Kingdom,3010
ORD-00518,CUST-0045,Desktop,MacBook Pro M3,20,2025-11-08,2025-11-13,Delivered,UK,12900
ORD-00519,CUST-0021,Laptop,MacBook Air M3,20,2026-03-12,2026-03-23,Delivered,France,32820
ORD-00520,CUST-0132,Laptop,MacBook Air M3,50,2025-03-02,2025-03-07,Delivered,Germany,63350
ORD-00521,CUST-0053,Laptop,MacBook Pro M3,2,2025-07-24,2025-07-25,Delivered,Canada,2436
ORD-00522,CUST-0062,Tablet,MacBook Air M3,1,2026-06-02,2026-06-04,Delivered,Australia,425
ORD-00523,CUST-0138,Desktop,Lenovo ThinkPad T14,1,2025-01-05,,Failed,UK,986
ORD-00524,CUST-0028,Phone,MacBook Pro M3,100,2025-07-05,,In Transit,US,36500
ORD-00525,CUST-0029,Monitor,Lenovo ThinkPad T14,20,2026-06-17,2026-06-18,Delivered,US,9700
ORD-00526,CUST-0117,Desktop,Lenovo ThinkPad T14,50,2025-11-16,2025-11-21,Delivered,US,39850
ORD-00527,CUST-0122,Phone,HP EliteBook 840,100,2026-01-12,2026-01-19,Delivered,Netherlands,78500
ORD-00528,CUST-0031,Laptop,HP EliteBook 840,10,2025-05-27,2025-06-09,Delivered,United States,9950
ORD-00529,CUST-0104,Phone,MacBook Pro M4,5,2025-05-06,2025-05-14,Delivered,Netherlands,5120
ORD-00530,CUST-0092,Phone,Lenovo ThinkPad T14,100,2026-05-03,2026-05-09,Delivered,UK,36000
ORD-00531,CUST-0128,Laptop,HP EliteBook 840,1,2025-08-25,2025-09-04,Delivered,US,758
ORD-00532,CUST-0098,Laptop,MacBook Air M3,10,2025-12-01,2025-12-02,Delivered,United Kingdom,20030
ORD-00533,CUST-0052,Monitor,Lenovo ThinkPad T14,5,2025-10-28,2025-11-04,Delivered,UK,840
ORD-00534,CUST-0031,Phone,Dell XPS 13,50,2026-01-28,2026-02-07,Delivered,United States,41000
ORD-00535,CUST-0078,Phone,Dell XPS 13,1,2025-06-18,2025-06-19,Delivered,Australia,925
ORD-00536,CUST-0064,Tablet,MacBook Air M3,50,2026-04-27,2026-05-08,Delivered,USA,31800
ORD-00537,CUST-0091,Laptop,MacBook Pro M3,1,2025-10-19,2025-10-27,Delivered,United Kingdom,1400
ORD-00538,CUST-0025,Monitor,MacBook Air M3,2,2026-03-15,2026-03-20,Delivered,US,806
ORD-00539,CUST-0022,Desktop,MacBook Air M3,1,2025-03-09,,In Transit,Netherlands,833
ORD-00540,CUST-0018,Phone,Lenovo ThinkPad T14,2,2026-06-12,,Cancelled,US,1668
ORD-00541,CUST-0126,Phone,Lenovo ThinkPad T14,2,2025-04-13,2025-04-22,Delivered,Canada,1758
ORD-00542,CUST-0112,Laptop,Lenovo ThinkPad T14,50,2025-07-26,2025-08-11,Delivered,Nigeria,54400
ORD-00543,CUST-0103,Tablet,MacBook Air M3,100,2025-08-20,2025-08-27,Delivered,Singapore,83000
ORD-00544,CUST-0122,Monitor,Lenovo ThinkPad T14,20,2026-03-14,2026-03-21,Delivered,Netherlands,9400
ORD-00545,CUST-0132,Laptop,HP EliteBook 840,5,2026-04-10,2026-04-15,Delivered,Germany,10450
ORD-00546,CUST-0120,Tablet,Dell XPS 13,5,2025-10-02,,Cancelled,United Kingdom,2275
ORD-00547,CUST-0039,Laptop,HP EliteBook 840,5,2025-11-04,,In Transit,Netherlands,5330
ORD-00548,CUST-0066,Desktop,MacBook Air M3,1,2025-08-30,2025-09-02,Delivered,UK,1316
ORD-00549,CUST-0112,Desktop,MacBook Pro M4,1,2026-03-09,2026-03-19,Delivered,Nigeria,529
ORD-00550,CUST-0046,Laptop,MacBook Air M3,5,2025-02-13,2025-02-17,Failed,Nigeria,4105
ORD-00551,CUST-0024,Desktop,MacBook Pro M3,20,2026-02-11,2026-02-16,Cancelled,Netherlands,21680
ORD-00552,CUST-0135,Tablet,MacBook Air M3,1,2025-09-15,2025-09-18,Delivered,Singapore,491
ORD-00553,CUST-0056,Monitor,Dell XPS 13,2,2025-05-28,2025-06-04,Delivered,UK,414
ORD-00554,CUST-0029,Desktop,MacBook Pro M4,5,2025-11-21,2025-11-26,Delivered,US,4355
ORD-00555,CUST-0006,Laptop,HP EliteBook 840,10,2025-02-05,,In Transit,Canada,20250
ORD-00556,CUST-0093,Phone,Dell XPS 13,2,2025-05-05,2025-05-13,Delivered,Nigeria,1116
ORD-00557,CUST-0061,Phone,HP EliteBook 840,50,2025-11-01,2025-11-09,Delivered,United States,52900
ORD-00558,CUST-0021,Monitor,HP EliteBook 840,5,2026-05-19,2026-05-30,Delivered,France,1260
ORD-00559,CUST-0130,Tablet,HP EliteBook 840,10,2025-03-09,2025-03-13,Delivered,Germany,3030
ORD-00560,CUST-0048,Phone,MacBook Pro M3,1,2026-03-31,2026-04-05,Delivered,Canada,839
ORD-00561,CUST-0064,Desktop,Lenovo ThinkPad T14,20,2026-06-13,2026-06-16,Delivered,USA,18400
ORD-00562,CUST-0035,Monitor,MacBook Pro M4,10,2025-09-24,2025-09-29,Delivered,Netherlands,5740
ORD-00563,CUST-0097,Tablet,HP EliteBook 840,100,2026-08-08,2026-08-16,Delivered,UK,34100
ORD-00564,CUST-0051,Phone,Lenovo ThinkPad T14,1,2025-09-26,2025-10-06,Delivered,UK,402
ORD-00565,CUST-0044,Phone,Dell XPS 13,20,2026-08-04,2026-08-07,Delivered,Australia,9580
ORD-00566,CUST-0069,Phone,MacBook Pro M3,5,2025-10-22,2025-11-01,Delivered,Germany,4970
ORD-00567,CUST-0047,Monitor,MacBook Pro M3,1,2026-02-23,2026-03-07,Delivered,USA,404
ORD-00568,CUST-0118,Monitor,HP EliteBook 840,1,2025-03-29,2025-04-06,Delivered,Australia,367
ORD-00569,CUST-0066,Monitor,MacBook Pro M3,1,2025-03-16,2025-03-30,Delivered,UK,196
ORD-00570,CUST-0098,Desktop,Lenovo ThinkPad T14,10,2025-11-06,,Failed,United Kingdom,10940
ORD-00571,CUST-0120,Phone,MacBook Pro M3,20,2025-05-16,2025-05-19,Delivered,United Kingdom,5900
ORD-00572,CUST-0072,Monitor,Lenovo ThinkPad T14,2,2026-01-05,,Cancelled,Singapore,940
ORD-00573,CUST-0039,Phone,MacBook Air M3,10,2026-07-24,,In Transit,United States,4850
ORD-00574,CUST-0042,Phone,MacBook Air M3,100,2026-04-24,2026-04-26,Delivered,US,71800
ORD-00575,CUST-0038,Monitor,MacBook Pro M3,2,2025-05-07,2025-05-08,Delivered,Nigeria,1340
ORD-00576,CUST-0055,Tablet,MacBook Pro M3,1,2026-08-21,2026-08-24,Failed,USA,760
ORD-00577,CUST-0032,Laptop,MacBook Pro M4,50,2026-02-08,2026-02-20,Delivered,United Kingdom,48200
ORD-00578,CUST-0117,Laptop,HP EliteBook 840,1,2025-10-03,2025-10-12,Delivered,US,1924
ORD-00579,CUST-0013,Laptop,Lenovo ThinkPad T14,1,2025-10-17,2025-10-23,Delivered,UK,1883
ORD-00580,CUST-0103,Phone,Dell XPS 13,2,2025-04-02,2025-04-10,Delivered,Singapore,746
ORD-00581,CUST-0111,Monitor,HP EliteBook 840,10,2025-11-14,,Cancelled,France,5260
ORD-00582,CUST-0122,Phone,MacBook Pro M4,5,2025-10-02,2025-10-04,Delivered,Netherlands,4475
ORD-00583,CUST-0132,Desktop,Dell XPS 13,10,2025-12-16,,Failed,Germany,11440
ORD-00584,CUST-0123,Monitor,MacBook Pro M3,1,2025-11-04,2025-11-20,Delivered,Singapore,452
ORD-00585,CUST-0012,Laptop,Dell XPS 13,5,2026-06-10,2026-06-17,Delivered,Singapore,10015
ORD-00586,CUST-0129,Desktop,MacBook Pro M3,10,2025-01-17,2025-01-24,Delivered,Singapore,5460
ORD-00587,CUST-0117,Desktop,MacBook Pro M3,2,2026-04-06,2026-04-15,Delivered,US,1160
ORD-00588,CUST-0137,Desktop,HP EliteBook 840,1,2025-01-19,2025-01-27,Delivered,Australia,971
ORD-00589,CUST-0125,Monitor,HP EliteBook 840,100,2025-11-07,2025-11-14,Delivered,Germany,55400
ORD-00590,CUST-0035,Desktop,MacBook Air M3,20,2025-01-15,2025-01-18,Delivered,Netherlands,19840
ORD-00591,CUST-0138,Desktop,Dell XPS 13,20,2025-07-15,2025-07-23,Delivered,UK,10440
ORD-00592,CUST-0114,Tablet,MacBook Pro M3,50,2026-05-12,2026-05-26,Delivered,USA,29550
ORD-00593,CUST-0111,Tablet,HP EliteBook 840,20,2026-03-02,,In Transit,France,13180
ORD-00594,CUST-0125,Phone,Lenovo ThinkPad T14,5,2025-08-26,2025-09-07,Delivered,Germany,2620
ORD-00595,CUST-0122,Monitor,Dell XPS 13,100,2025-04-30,2025-05-13,Delivered,Netherlands,17100
ORD-00596,CUST-0121,Tablet,HP EliteBook 840,5,2025-12-19,2025-12-23,Delivered,Canada,2750
ORD-00597,CUST-0100,Monitor,Dell XPS 13,10,2026-03-03,,In Transit,United Kingdom,3620
ORD-00598,CUST-0124,Phone,MacBook Air M3,1,2025-05-13,2025-05-16,Delivered,Singapore,490
ORD-00599,CUST-0005,Desktop,MacBook Pro M3,2,2026-01-03,,Cancelled,Nigeria,1064
ORD-00600,CUST-0144,Monitor,MacBook Air M3,100,2025-08-18,2025-08-24,Delivered,Germany,30400
ORD-00601,CUST-0027,Phone,MacBook Air M3,5,2025-02-21,,Cancelled,Canada,5465
ORD-00602,CUST-0031,Monitor,HP EliteBook 840,1,2025-07-30,2025-08-01,Cancelled,United States,668
ORD-00603,CUST-0086,Phone,MacBook Air M3,2,2025-05-22,2025-05-29,Delivered,Nigeria,1198
ORD-00604,CUST-0022,Monitor,HP EliteBook 840,20,2025-09-30,2025-10-11,Delivered,Netherlands,6100
ORD-00605,CUST-0059,Phone,Dell XPS 13,5,2025-05-22,,In Transit,United Kingdom,1400
ORD-00606,CUST-0003,Monitor,Dell XPS 13,1,2026-06-14,2026-06-16,Cancelled,France,212
ORD-00607,CUST-0015,Tablet,MacBook Pro M4,5,2026-06-17,2026-06-22,Failed,US,2680
ORD-00608,CUST-0104,Tablet,Lenovo ThinkPad T14,50,2026-04-02,2026-04-03,Delivered,Netherlands,45700
ORD-00609,CUST-0051,Phone,HP EliteBook 840,5,2025-11-05,2025-11-18,Delivered,UK,2340
ORD-00610,CUST-0080,Laptop,MacBook Air M3,10,2026-06-18,2026-06-24,Delivered,US,17550
ORD-00611,CUST-0130,Monitor,HP EliteBook 840,50,2025-04-24,2025-04-29,Delivered,Germany,13800
ORD-00612,CUST-0115,Monitor,MacBook Pro M3,1,2025-11-02,2025-11-04,Delivered,USA,696
ORD-00613,CUST-0077,Tablet,HP EliteBook 840,20,2025-10-19,2025-10-20,Delivered,United States,10060
ORD-00614,CUST-0133,Phone,MacBook Air M3,20,2026-08-20,2026-08-30,Delivered,Singapore,21960
ORD-00615,CUST-0016,Phone,MacBook Air M3,5,2026-03-12,,Cancelled,Australia,3310
ORD-00616,CUST-0068,Phone,HP EliteBook 840,5,2026-08-22,2026-08-29,Delivered,USA,5465
ORD-00617,CUST-0033,Tablet,Lenovo ThinkPad T14,1,2026-05-12,2026-05-13,Delivered,US,734
ORD-00618,CUST-0144,Phone,MacBook Air M3,1,2026-01-14,,Cancelled,Germany,291
ORD-00619,CUST-0096,Desktop,MacBook Pro M3,1,2025-11-07,2025-11-08,Delivered,US,931
ORD-00620,CUST-0056,Laptop,Lenovo ThinkPad T14,5,2025-07-07,,In Transit,UK,6820
ORD-00621,CUST-0145,Phone,HP EliteBook 840,20,2026-04-09,,Cancelled,France,15320
ORD-00622,CUST-0115,Tablet,HP EliteBook 840,2,2025-06-02,,In Transit,USA,1308
ORD-00623,CUST-0012,Desktop,HP EliteBook 840,10,2026-03-30,2026-04-04,Delivered,Singapore,10850
ORD-00624,CUST-0144,Tablet,MacBook Air M3,10,2025-03-29,2025-04-11,Delivered,Germany,7370
ORD-00625,CUST-0005,Laptop,MacBook Pro M4,5,2025-05-04,2025-05-09,Delivered,Nigeria,5355
ORD-00626,CUST-0103,Monitor,Dell XPS 13,100,2025-02-16,2025-02-17,Delivered,Singapore,17400
ORD-00627,CUST-0066,Desktop,MacBook Pro M4,1,2025-04-04,2025-04-10,Delivered,UK,687
ORD-00628,CUST-0105,Desktop,MacBook Air M3,100,2025-06-23,2025-06-28,Delivered,Germany,80500
ORD-00629,CUST-0083,Laptop,MacBook Air M3,20,2025-09-22,2025-09-23,Delivered,Germany,21280
ORD-00630,CUST-0099,Tablet,Dell XPS 13,2,2025-04-28,2025-05-04,Delivered,UK,1796
ORD-00631,CUST-0005,Laptop,MacBook Pro M3,10,2025-10-03,2025-10-09,Delivered,Nigeria,17860
ORD-00632,CUST-0022,Monitor,Lenovo ThinkPad T14,100,2026-05-28,2026-06-06,Delivered,Netherlands,40100
ORD-00633,CUST-0143,Tablet,MacBook Pro M4,20,2026-04-08,2026-04-22,Delivered,Germany,14860
ORD-00634,CUST-0065,Desktop,Lenovo ThinkPad T14,50,2026-01-25,,Failed,Australia,39400
ORD-00635,CUST-0102,Monitor,Dell XPS 13,20,2025-05-06,,In Transit,Germany,13320
ORD-00636,CUST-0088,Monitor,MacBook Pro M3,10,2025-09-25,2025-09-28,Failed,USA,4990
ORD-00637,CUST-0035,Laptop,HP EliteBook 840,1,2025-01-03,2025-01-14,Delivered,Netherlands,1005
ORD-00638,CUST-0020,Phone,HP EliteBook 840,50,2026-07-06,2026-07-11,Delivered,UK,54850
ORD-00639,CUST-0046,Desktop,Dell XPS 13,2,2025-01-09,2025-01-11,Delivered,Nigeria,1452
ORD-00640,CUST-0092,Monitor,HP EliteBook 840,10,2025-07-16,2025-08-02,Delivered,UK,6550
ORD-00641,CUST-0054,Phone,MacBook Air M3,20,2025-01-08,2025-01-15,Delivered,,15100
ORD-00642,CUST-0145,Laptop,MacBook Pro M3,10,2026-08-02,2026-08-09,Delivered,France,11810
ORD-00643,CUST-0071,Tablet,Lenovo ThinkPad T14,1,2025-07-16,,In Transit,Netherlands,687
ORD-00644,CUST-0014,Monitor,MacBook Air M3,100,2025-11-27,2025-12-03,Delivered,Germany,62700
ORD-00645,CUST-0012,Tablet,Dell XPS 13,50,2025-08-18,2025-08-25,Delivered,Singapore,29600
ORD-00646,CUST-0064,Phone,MacBook Air M3,2,2025-01-26,,Failed,USA,1174
ORD-00647,CUST-0008,Monitor,MacBook Pro M4,1,2026-05-07,2026-05-13,Delivered,Germany,634
ORD-00648,CUST-0086,Tablet,Lenovo ThinkPad T14,100,2026-06-17,2026-06-21,Delivered,Nigeria,70700
ORD-00649,CUST-0022,Laptop,MacBook Pro M3,2,2025-03-04,,Cancelled,Netherlands,1552
ORD-00650,CUST-0027,Phone,Dell XPS 13,2,2025-02-27,2025-03-03,Delivered,Canada,976
ORD-00651,CUST-0003,Tablet,Lenovo ThinkPad T14,20,2026-04-10,2026-04-16,Delivered,France,15580
ORD-00652,CUST-0050,Laptop,Lenovo ThinkPad T14,10,2025-04-21,2025-04-25,Delivered,United Kingdom,10460
ORD-00653,CUST-0108,Desktop,MacBook Pro M3,5,2026-05-08,2026-05-12,Delivered,Netherlands,2805
ORD-00654,CUST-0092,Desktop,MacBook Pro M3,5,2025-11-15,2025-11-22,Delivered,UK,4080
ORD-00655,CUST-0133,Desktop,Lenovo ThinkPad T14,1,2026-08-24,2026-08-29,Delivered,Singapore,1379
ORD-00656,CUST-0052,Phone,HP EliteBook 840,2,2025-07-26,2025-08-08,Delivered,UK,2244
ORD-00657,CUST-0086,Phone,MacBook Air M3,1,2025-11-03,2025-11-04,Delivered,Nigeria,904
ORD-00658,CUST-0120,Monitor,HP EliteBook 840,20,2025-08-07,2025-08-18,Delivered,United Kingdom,11180
ORD-00659,CUST-0019,Monitor,Dell XPS 13,1,2026-01-02,2026-01-13,Delivered,France,518
ORD-00660,CUST-0073,Desktop,MacBook Pro M4,2,2025-06-28,2025-06-29,Delivered,Canada,1502
ORD-00661,CUST-0068,Phone,HP EliteBook 840,10,2025-04-14,2025-04-19,Delivered,USA,5620
ORD-00662,CUST-0096,Tablet,Dell XPS 13,100,2025-06-25,2025-06-27,Cancelled,US,38300
ORD-00663,CUST-0096,Desktop,MacBook Air M3,100,2025-11-22,2025-11-27,Delivered,US,110100
ORD-00664,CUST-0039,Monitor,MacBook Pro M3,10,2025-12-02,2025-12-03,Delivered,Netherlands,6500
ORD-00665,CUST-0121,Tablet,MacBook Pro M4,5,2025-03-08,2025-03-11,Delivered,Canada,2895
ORD-00666,CUST-0135,Monitor,Lenovo ThinkPad T14,5,2026-05-10,2026-05-12,Delivered,Singapore,935
ORD-00667,CUST-0116,Phone,Lenovo ThinkPad T14,2,2025-08-29,2025-09-12,Delivered,Germany,1020
ORD-00668,CUST-0022,Tablet,MacBook Air M3,2,2025-10-30,2025-11-09,Delivered,Netherlands,1422
ORD-00669,CUST-0105,Phone,MacBook Air M3,2,2026-01-12,,In Transit,Germany,1042
ORD-00670,CUST-0022,Laptop,MacBook Pro M4,5,2025-10-29,,In Transit,US,5580
ORD-00671,CUST-0086,Monitor,MacBook Pro M3,2,2025-07-21,2025-08-02,Delivered,Nigeria,582
ORD-00672,CUST-0067,Monitor,Dell XPS 13,2,2025-01-09,2025-01-18,Delivered,Germany,324
ORD-00673,CUST-0039,Desktop,Dell XPS 13,20,2026-02-12,2026-02-14,Delivered,Netherlands,20560
ORD-00674,CUST-0022,Phone,MacBook Pro M3,5,2025-11-17,,In Transit,Netherlands,3165
ORD-00675,CUST-0033,Monitor,MacBook Pro M4,1,2025-11-09,2025-11-14,Cancelled,Netherlands,585
ORD-00676,CUST-0006,Desktop,MacBook Pro M4,50,2026-08-05,2026-08-09,Delivered,Canada,57200
ORD-00677,CUST-0017,Monitor,Lenovo ThinkPad T14,5,2026-07-02,2026-07-10,Delivered,,2305
ORD-00678,CUST-0142,Phone,MacBook Air M3,10,2025-07-01,2025-07-03,Delivered,Netherlands,11830
ORD-00679,CUST-0060,Laptop,MacBook Pro M4,1,2025-10-26,2025-11-04,Delivered,Netherlands,1711
ORD-00680,CUST-0029,Laptop,Dell XPS 13,5,2025-05-13,2025-05-19,Delivered,US,5360
ORD-00681,CUST-0122,Tablet,MacBook Pro M3,100,2025-06-12,2025-06-17,Delivered,US,45600
ORD-00682,CUST-0115,Desktop,Lenovo ThinkPad T14,10,2025-03-07,,In Transit,USA,10820
ORD-00683,CUST-0024,Monitor,HP EliteBook 840,50,2025-10-22,2025-10-31,Delivered,Netherlands,16450
ORD-00684,CUST-0111,Tablet,MacBook Air M3,10,2026-04-14,2026-04-22,Delivered,France,4110
ORD-00685,CUST-0138,Desktop,Dell XPS 13,1,2025-10-26,2025-10-31,Delivered,UK,1280
ORD-00686,CUST-0130,Desktop,Lenovo ThinkPad T14,1,2025-11-30,2025-12-11,Delivered,Germany,973
ORD-00687,CUST-0119,Desktop,Dell XPS 13,5,2026-01-26,2026-01-28,Delivered,Germany,2550
ORD-00688,CUST-0084,Tablet,HP EliteBook 840,1,2026-04-21,2026-04-30,Delivered,Germany,732
ORD-00689,CUST-0042,Desktop,MacBook Pro M4,10,2025-06-24,,In Transit,US,10470
ORD-00690,CUST-0003,Desktop,HP EliteBook 840,2,2025-10-07,2025-10-16,Delivered,France,2382
ORD-00691,CUST-0134,Laptop,Lenovo ThinkPad T14,2,2025-04-16,2025-04-21,Delivered,UK,1318
ORD-00692,CUST-0096,Laptop,MacBook Air M3,1,2025-09-02,2025-09-10,Delivered,US,1340
ORD-00693,CUST-0025,Tablet,MacBook Air M3,1,2025-06-21,2025-06-22,Delivered,US,462
ORD-00694,CUST-0102,Monitor,MacBook Pro M4,2,2026-03-15,2026-03-25,Delivered,US,1122
ORD-00695,CUST-0118,Tablet,MacBook Pro M4,20,2025-08-14,2025-08-20,Delivered,Australia,11160
ORD-00696,CUST-0128,Tablet,MacBook Pro M3,20,2025-04-15,2025-04-19,Delivered,Canada,19260
ORD-00697,CUST-0035,Monitor,HP EliteBook 840,20,2025-12-07,2025-12-18,Delivered,Netherlands,9860
ORD-00698,CUST-0115,Tablet,Lenovo ThinkPad T14,20,2026-01-27,2026-01-31,Delivered,USA,17620
ORD-00699,CUST-0032,Desktop,Lenovo ThinkPad T14,5,2025-11-13,2025-11-14,Delivered,United Kingdom,2805
ORD-00700,CUST-0039,Tablet,Dell XPS 13,1,2026-01-20,2026-01-21,Delivered,Netherlands,909
ORD-00701,CUST-0011,Monitor,MacBook Air M3,5,2026-06-18,2026-06-27,Delivered,Nigeria,2445
ORD-00702,CUST-0014,Desktop,Lenovo ThinkPad T14,10,2025-09-12,,In Transit,Germany,10330
ORD-00703,CUST-0017,Desktop,MacBook Pro M3,2,2026-05-19,2026-05-20,Delivered,,1186
ORD-00704,CUST-0053,Phone,MacBook Pro M4,5,2025-08-30,2025-09-13,Delivered,Canada,2500
ORD-00705,CUST-0064,Desktop,MacBook Pro M4,5,2025-11-07,2025-11-08,Delivered,USA,2905
ORD-00706,CUST-0113,Desktop,Dell XPS 13,20,2026-03-09,2026-03-22,Delivered,UK,25600
ORD-00707,CUST-0077,Monitor,Dell XPS 13,20,2026-07-05,2026-07-12,Delivered,United States,12280
ORD-00708,CUST-0124,Desktop,MacBook Pro M3,20,2025-03-15,2025-03-21,Delivered,Singapore,10080
ORD-00709,CUST-0096,Phone,HP EliteBook 840,5,2026-05-19,2026-05-23,Delivered,US,2825
ORD-00710,CUST-0019,Laptop,Dell XPS 13,100,2026-02-23,2026-02-26,Cancelled,France,180800
ORD-00711,CUST-0126,Phone,HP EliteBook 840,10,2026-01-13,2026-01-21,Delivered,Canada,2850
ORD-00712,CUST-0008,Desktop,MacBook Pro M4,5,2025-06-01,2025-06-07,Delivered,Germany,5580
ORD-00713,CUST-0099,Laptop,Lenovo ThinkPad T14,100,2026-02-12,2026-02-23,Delivered,UK,103600
ORD-00714,CUST-0078,Phone,Lenovo ThinkPad T14,10,2026-05-28,2026-05-29,Failed,Australia,10200
ORD-00715,CUST-0089,Phone,HP EliteBook 840,2,2025-05-27,2025-06-03,Delivered,US,2170
ORD-00716,CUST-0107,Phone,MacBook Pro M3,2,2026-06-22,2026-06-29,Delivered,UK,1940
ORD-00717,CUST-0047,Desktop,MacBook Pro M3,5,2026-05-30,,Cancelled,USA,2800
ORD-00718,CUST-0105,Desktop,MacBook Air M3,10,2026-03-28,2026-04-02,Delivered,Germany,5870
ORD-00719,CUST-0008,Laptop,MacBook Air M3,5,2026-08-23,2026-08-29,Delivered,Germany,3875
ORD-00720,CUST-0011,Phone,Lenovo ThinkPad T14,20,2025-04-10,2025-04-18,Delivered,Nigeria,14940
