lead_id,company_name,country,industry,lead_source,date_created,sales_stage,date_converted,contract_value,outcome,lost_reason
LEAD-00001,Prospect 0001,,Technology,Outbound,2025-08-03,Qualified,,32700.0,,
LEAD-00002,Prospect 0002,USA,E-commerce,Partner,2026-08-13,Lead,,77600.0,,
LEAD-00003,Prospect 0003,United States,Technology,Event,2025-06-22,Closed Lost,2025-08-28,4600.0,Lost,Timing
LEAD-00004,Prospect 0004,Canada,FinTech,Referral,2025-12-13,Proposal,,8600.0,,
LEAD-00005,Prospect 0005,Netherlands,FinTech,Accelerator,2025-05-02,Qualified,,15900.0,,
LEAD-00006,Prospect 0006,Germany,Media,Accelerator,2026-01-20,Closed Won,2026-02-10,66100.0,Won,
LEAD-00007,Prospect 0007,United States,Technology,Referral,2026-01-27,Qualified,,38700.0,,
LEAD-00008,Prospect 0008,France,FinTech,Referral,2025-03-26,Lead,,44100.0,,
LEAD-00009,Prospect 0009,Australia,Education,Referral,2026-08-24,Proposal,,24700.0,,
LEAD-00010,Prospect 0010,UK,Healthcare,Inbound,2025-07-05,Discovery,,44900.0,,
LEAD-00011,Prospect 0011,France,FinTech,Partner,2025-04-12,Qualified,,49800.0,,
LEAD-00012,Prospect 0012,France,E-commerce,Referral,2025-01-21,Discovery,,61300.0,,
LEAD-00013,Prospect 0013,United Kingdom,Education,Referral,2026-06-16,Closed Won,2026-07-11,28200.0,Won,
LEAD-00014,Prospect 0014,Germany,Media,Outbound,2025-07-05,Closed Won,2025-09-24,32300.0,Won,
LEAD-00015,Prospect 0015,USA,Technology,Event,2025-05-06,Lead,,20600.0,,
LEAD-00016,Prospect 0016,France,Professional Services,Outbound,2025-09-20,Closed Won,2025-10-15,3800.0,Won,
LEAD-00017,Prospect 0017,UK,Technology,Event,2026-07-12,Lead,,28000.0,,
LEAD-00018,Prospect 0018,Germany,Education,Outbound,2025-10-28,Negotiation,,14100.0,,
LEAD-00019,Prospect 0019,Australia,Technology,Accelerator,2026-06-20,Closed Lost,2026-08-31,12800.0,Lost,Timing
LEAD-00020,Prospect 0020,United Kingdom,FinTech,Event,2025-02-15,Qualified,,6300.0,,
LEAD-00021,Prospect 0021,Australia,Healthcare,Partner,2026-07-20,Qualified,,10400.0,,
LEAD-00022,Prospect 0022,USA,E-commerce,Partner,2025-03-18,Proposal,,11100.0,,
LEAD-00023,Prospect 0023,France,FinTech,Referral,2025-03-27,Closed Lost,2025-06-30,38200.0,Lost,Timing
LEAD-00024,Prospect 0024,Netherlands,Education,Accelerator,2025-10-03,Closed Lost,2026-01-09,43500.0,Lost,Competitor
LEAD-00025,Prospect 0025,Nigeria,Media,Partner,2026-06-08,Proposal,,21500.0,,
LEAD-00026,Prospect 0026,UK,Technology,Event,2026-01-24,Lead,,21200.0,,
LEAD-00027,Prospect 0027,Singapore,Technology,Outbound,2025-04-23,Negotiation,,13300.0,,
LEAD-00028,Prospect 0028,UK,Technology,Referral,2025-12-08,Closed Won,2026-01-15,9800.0,Won,
LEAD-00029,Prospect 0029,USA,Healthcare,Accelerator,2026-01-22,Closed Lost,2026-02-11,7400.0,Lost,Budget
LEAD-00030,Prospect 0030,France,Professional Services,Accelerator,2025-11-10,Proposal,,59600.0,,
LEAD-00031,Prospect 0031,United States,FinTech,Outbound,2026-08-09,Closed Won,2026-08-31,21600.0,Won,
LEAD-00032,Prospect 0032,France,Healthcare,Event,2026-02-03,Qualified,,68700.0,,
LEAD-00033,Prospect 0033,Singapore,Healthcare,Accelerator,2026-02-17,Discovery,,6800.0,,
LEAD-00034,Prospect 0034,Australia,Professional Services,Referral,2025-06-09,Negotiation,,7400.0,,
LEAD-00035,Prospect 0035,Canada,Education,Partner,2026-01-15,Negotiation,,8900.0,,
LEAD-00036,Prospect 0036,France,Professional Services,Outbound,2025-07-07,Discovery,,14100.0,,
LEAD-00037,Prospect 0037,United Kingdom,Professional Services,Accelerator,2026-03-15,Proposal,,49200.0,,
LEAD-00038,Prospect 0038,US,Technology,Accelerator,2025-03-31,Closed Lost,2025-04-18,20900.0,Lost,Unknown
LEAD-00039,Prospect 0039,UK,Healthcare,Partner,2025-09-03,Closed Lost,2025-09-20,8400.0,Lost,Unknown
LEAD-00040,Prospect 0040,Germany,E-commerce,Event,2025-01-11,Closed Lost,2025-04-21,19900.0,Lost,
LEAD-00041,Prospect 0041,United Kingdom,Media,Accelerator,2026-06-30,Negotiation,,12800.0,,
LEAD-00042,Prospect 0042,Nigeria,FinTech,Accelerator,2025-01-08,Negotiation,,40800.0,,
LEAD-00043,Prospect 0043,USA,Education,Event,2026-06-25,Negotiation,,5300.0,,
LEAD-00044,Prospect 0044,France,Professional Services,Referral,2025-08-19,Lead,,14400.0,,
LEAD-00045,Prospect 0045,US,Professional Services,Accelerator,2026-03-09,Proposal,,7400.0,,
LEAD-00046,Prospect 0046,UK,Professional Services,Partner,2025-09-13,Closed Won,2025-10-08,69600.0,Won,
LEAD-00047,Prospect 0047,Netherlands,E-commerce,Inbound,2025-10-28,Qualified,,5700.0,,
LEAD-00048,Prospect 0048,,Media,Partner,2025-11-09,Closed Lost,2025-11-20,40400.0,Lost,No response
LEAD-00049,Prospect 0049,UK,Professional Services,Referral,2025-02-28,Discovery,,24400.0,,
LEAD-00050,Prospect 0050,Nigeria,Technology,Referral,2025-01-06,Qualified,,32500.0,,
LEAD-00051,Prospect 0051,USA,E-commerce,Referral,2026-03-18,Proposal,,5100.0,,
LEAD-00052,Prospect 0052,United Kingdom,E-commerce,Partner,2026-05-15,Lead,,65600.0,,
LEAD-00053,Prospect 0053,France,Media,Outbound,2026-01-19,Qualified,,22200.0,,
LEAD-00054,Prospect 0054,Nigeria,Education,Partner,2025-04-22,Closed Lost,2025-05-19,48100.0,Lost,Timing
LEAD-00055,Prospect 0055,US,FinTech,Outbound,2025-01-06,Discovery,,67500.0,,
LEAD-00056,Prospect 0056,United States,FinTech,Accelerator,2025-02-11,Lead,,20600.0,,
LEAD-00057,Prospect 0057,Germany,Healthcare,Partner,2025-07-23,Closed Lost,2025-08-14,51600.0,Lost,No response
LEAD-00058,Prospect 0058,Canada,Healthcare,Accelerator,2025-05-11,Qualified,,70100.0,,
LEAD-00059,Prospect 0059,USA,FinTech,Outbound,2026-02-03,Lead,,5900.0,,
LEAD-00060,Prospect 0060,Singapore,Media,Outbound,2026-05-28,Lead,,33700.0,,
LEAD-00061,Prospect 0061,UK,E-commerce,Referral,2026-03-16,Closed Lost,2026-05-23,28200.0,Lost,Competitor
LEAD-00062,Prospect 0062,USA,FinTech,Outbound,2026-03-16,Qualified,,9100.0,,
LEAD-00063,Prospect 0063,United Kingdom,E-commerce,Accelerator,2025-04-28,Closed Won,2025-07-01,33900.0,Won,
LEAD-00064,Prospect 0064,United Kingdom,Media,Event,2025-04-16,Negotiation,,26700.0,,
LEAD-00065,Prospect 0065,UK,FinTech,Inbound,2025-06-02,Qualified,,7500.0,,
LEAD-00066,Prospect 0066,United States,E-commerce,Partner,2026-03-13,Lead,,6000.0,,
LEAD-00067,Prospect 0067,United Kingdom,Professional Services,Partner,2026-06-22,Qualified,,51500.0,,
LEAD-00068,Prospect 0068,UK,Technology,Outbound,2026-05-06,Lead,,19600.0,,
LEAD-00069,Prospect 0069,United Kingdom,Professional Services,Referral,2026-01-08,Qualified,,13500.0,,
LEAD-00070,Prospect 0070,Nigeria,FinTech,Outbound,2025-07-06,Lead,,5500.0,,
LEAD-00071,Prospect 0071,USA,Professional Services,Partner,2026-04-29,Qualified,,19000.0,,
LEAD-00072,Prospect 0072,United States,Education,Event,2026-01-08,Qualified,,3800.0,,
LEAD-00073,Prospect 0073,Australia,Media,Event,2025-05-14,Qualified,,47400.0,,
LEAD-00074,Prospect 0074,United Kingdom,Healthcare,Partner,2026-06-26,Proposal,,8700.0,,
LEAD-00075,Prospect 0075,US,Technology,Event,2025-03-31,Closed Won,2025-06-26,8600.0,Won,
LEAD-00076,Prospect 0076,US,Healthcare,Event,2025-07-15,Qualified,,22600.0,,
LEAD-00077,Prospect 0077,United Kingdom,Healthcare,Accelerator,2025-12-18,Qualified,,23300.0,,
LEAD-00078,Prospect 0078,Australia,Professional Services,Event,2025-06-07,Lead,,7600.0,,
LEAD-00079,Prospect 0079,Canada,Technology,Partner,2025-12-22,Closed Won,2026-01-16,19400.0,Won,
LEAD-00080,Prospect 0080,USA,Healthcare,Outbound,2026-03-06,Proposal,,29400.0,,
LEAD-00081,Prospect 0081,Australia,FinTech,Accelerator,2025-05-13,Qualified,,18400.0,,
LEAD-00082,Prospect 0082,US,FinTech,Partner,2026-02-12,Proposal,,30600.0,,
LEAD-00083,Prospect 0083,Netherlands,Professional Services,Inbound,2026-06-06,Discovery,,56000.0,,
LEAD-00084,Prospect 0084,Australia,Technology,Event,2025-07-08,Lead,,20800.0,,
LEAD-00085,Prospect 0085,UK,Media,Inbound,2026-04-12,Proposal,,40600.0,,
LEAD-00086,Prospect 0086,United Kingdom,Technology,Event,2025-10-31,Negotiation,,19300.0,,
LEAD-00087,Prospect 0087,UK,FinTech,Outbound,2025-09-01,Qualified,,31600.0,,
LEAD-00088,Prospect 0088,United Kingdom,Healthcare,Referral,2025-02-22,Negotiation,,10300.0,,
LEAD-00089,Prospect 0089,Nigeria,Professional Services,Referral,2025-01-02,Negotiation,,42500.0,,
LEAD-00090,Prospect 0090,Netherlands,Professional Services,Outbound,2026-07-17,Qualified,,7600.0,,
LEAD-00091,Prospect 0091,United Kingdom,Education,Outbound,2025-02-28,Proposal,,6000.0,,
LEAD-00092,Prospect 0092,Netherlands,Technology,Accelerator,2025-06-30,Qualified,,5100.0,,
LEAD-00093,Prospect 0093,France,FinTech,Partner,2026-01-27,Closed Lost,2026-04-25,14700.0,Lost,Feature gap
LEAD-00094,Prospect 0094,Canada,FinTech,Partner,2025-08-14,Qualified,,8400.0,,
LEAD-00095,Prospect 0095,,Technology,Partner,2025-08-26,Negotiation,,16600.0,,
LEAD-00096,Prospect 0096,United Kingdom,Healthcare,Partner,2025-07-05,Discovery,,73000.0,,
LEAD-00097,Prospect 0097,USA,Media,Partner,2025-07-04,Negotiation,,4400.0,,
LEAD-00098,Prospect 0098,Germany,Education,Partner,2025-07-12,Lead,,4800.0,,
LEAD-00099,Prospect 0099,United States,Healthcare,Referral,2025-04-13,Negotiation,,9100.0,,
LEAD-00100,Prospect 0100,Singapore,Technology,Inbound,2026-01-22,Discovery,,6000.0,,
LEAD-00101,Prospect 0101,Netherlands,Technology,Referral,2025-09-12,Closed Won,2025-12-11,9400.0,Won,
LEAD-00102,Prospect 0102,Australia,Technology,Inbound,2025-04-19,Proposal,,54200.0,,
LEAD-00103,Prospect 0103,USA,Professional Services,Outbound,2025-05-23,Discovery,,30900.0,,
LEAD-00104,Prospect 0104,UK,Education,Event,2026-05-06,Lead,,5100.0,,
LEAD-00105,Prospect 0105,UK,Technology,Event,2025-05-07,Lead,,3800.0,,
LEAD-00106,Prospect 0106,Canada,E-commerce,Inbound,2026-03-02,Lead,,5700.0,,
LEAD-00107,Prospect 0107,Singapore,E-commerce,Accelerator,2025-12-28,Negotiation,,10000.0,,
LEAD-00108,Prospect 0108,UK,Professional Services,Referral,2025-04-26,Proposal,,4200.0,,
LEAD-00109,Prospect 0109,Netherlands,FinTech,Inbound,2025-12-08,Lead,,6200.0,,
LEAD-00110,Prospect 0110,Canada,FinTech,Accelerator,2026-03-15,Proposal,,20200.0,,
LEAD-00111,Prospect 0111,US,Professional Services,Partner,2025-11-05,Proposal,,10900.0,,
LEAD-00112,Prospect 0112,USA,Media,Accelerator,2026-01-13,Closed Lost,2026-01-29,74700.0,Lost,Budget
LEAD-00113,Prospect 0113,Germany,Media,Referral,2025-05-31,Qualified,,17400.0,,
LEAD-00114,Prospect 0114,US,Professional Services,Inbound,2025-04-26,Proposal,,34700.0,,
LEAD-00115,Prospect 0115,Germany,Education,Partner,2025-07-06,Closed Won,2025-09-08,10700.0,Won,
LEAD-00116,Prospect 0116,Canada,E-commerce,Event,2025-12-08,Lead,,50100.0,,
LEAD-00117,Prospect 0117,United Kingdom,E-commerce,Referral,2026-05-25,Proposal,,18400.0,,
LEAD-00118,Prospect 0118,Australia,Media,Accelerator,2026-08-18,Negotiation,,26200.0,,
LEAD-00119,Prospect 0119,United Kingdom,Media,Referral,2025-08-13,Negotiation,,7300.0,,
LEAD-00120,Prospect 0120,United States,Professional Services,Outbound,2026-01-07,Proposal,,10000.0,,
LEAD-00121,Prospect 0121,France,E-commerce,Inbound,2025-05-23,Qualified,,9600.0,,
LEAD-00122,Prospect 0122,Australia,Education,Inbound,2025-08-04,Closed Won,2025-08-29,5700.0,Won,
LEAD-00123,Prospect 0123,United States,Education,Referral,2026-01-22,Closed Won,2026-03-20,51200.0,Won,
LEAD-00124,Prospect 0124,USA,Technology,Inbound,2026-08-19,Lead,,63400.0,,
LEAD-00125,Prospect 0125,Netherlands,Media,Partner,2026-01-10,Lead,,6000.0,,
LEAD-00126,Prospect 0126,Australia,Professional Services,Partner,2025-06-03,Closed Won,2025-08-19,20600.0,Won,
LEAD-00127,Prospect 0127,Australia,Technology,Outbound,2026-02-26,Negotiation,,21000.0,,
LEAD-00128,Prospect 0128,USA,Healthcare,Inbound,2025-04-24,Lead,,28800.0,,
LEAD-00129,Prospect 0129,Germany,Healthcare,Accelerator,2025-01-12,Discovery,,19900.0,,
LEAD-00130,Prospect 0130,USA,Professional Services,Referral,2025-09-22,Closed Lost,2025-10-28,22100.0,Lost,No response
LEAD-00131,Prospect 0131,Canada,Healthcare,Referral,2026-06-19,Discovery,,9200.0,,
LEAD-00132,Prospect 0132,France,Healthcare,Referral,2025-08-13,Discovery,,68900.0,,
LEAD-00133,Prospect 0133,Canada,FinTech,Referral,2026-04-25,Discovery,,43400.0,,
LEAD-00134,Prospect 0134,US,Technology,Outbound,2026-01-16,Negotiation,,6900.0,,
LEAD-00135,Prospect 0135,US,Technology,Inbound,2025-12-10,Lead,,9600.0,,
LEAD-00136,Prospect 0136,Singapore,Technology,Inbound,2025-01-12,Closed Won,2025-02-16,9800.0,Won,
LEAD-00137,Prospect 0137,Netherlands,Media,Partner,2025-10-03,Lead,,26000.0,,
LEAD-00138,Prospect 0138,United States,Professional Services,Outbound,2025-02-16,Lead,,6300.0,,
LEAD-00139,Prospect 0139,Australia,Professional Services,Inbound,2026-02-12,Proposal,,13800.0,,
LEAD-00140,Prospect 0140,France,Media,Inbound,2025-04-10,Qualified,,40100.0,,
LEAD-00141,Prospect 0141,United States,Professional Services,Inbound,2025-01-25,Proposal,,17800.0,,
LEAD-00142,Prospect 0142,,Education,Inbound,2025-06-05,Negotiation,,6200.0,,
LEAD-00143,Prospect 0143,France,Healthcare,Accelerator,2025-08-09,Closed Won,2025-09-08,31400.0,Won,
LEAD-00144,Prospect 0144,UK,Professional Services,Event,2026-06-20,Closed Lost,2026-07-13,11600.0,Lost,
LEAD-00145,Prospect 0145,Canada,FinTech,Inbound,2026-03-18,Lead,,46600.0,,
LEAD-00146,Prospect 0146,United States,FinTech,Outbound,2025-03-18,Closed Lost,2025-05-27,26900.0,Lost,Budget
LEAD-00147,Prospect 0147,Germany,Technology,Partner,2026-07-15,Closed Won,2026-08-05,70100.0,Won,
LEAD-00148,Prospect 0148,UK,Healthcare,Outbound,2025-11-18,Lead,,9600.0,,
LEAD-00149,Prospect 0149,Germany,Professional Services,Partner,2025-12-28,Lead,,9000.0,,
LEAD-00150,Prospect 0150,US,Healthcare,Partner,2025-09-20,Closed Won,2025-10-17,19600.0,Won,
LEAD-00151,Prospect 0151,Netherlands,Education,Inbound,2025-02-10,Discovery,,11300.0,,
LEAD-00152,Prospect 0152,Nigeria,Professional Services,Referral,2026-03-28,Discovery,,64500.0,,
LEAD-00153,Prospect 0153,Singapore,Technology,Event,2026-02-28,Proposal,,14700.0,,
LEAD-00154,Prospect 0154,United States,FinTech,Referral,2025-02-28,Closed Won,2025-05-20,9000.0,Won,
LEAD-00155,Prospect 0155,US,FinTech,Partner,2025-10-25,Discovery,,23500.0,,
LEAD-00156,Prospect 0156,Singapore,Healthcare,Partner,2026-04-19,Negotiation,,11800.0,,
LEAD-00157,Prospect 0157,Canada,Media,Partner,2025-04-22,Lead,,30600.0,,
LEAD-00158,Prospect 0158,Netherlands,E-commerce,Inbound,2025-07-24,Discovery,,4500.0,,
LEAD-00159,Prospect 0159,USA,E-commerce,Inbound,2026-05-03,Lead,,13000.0,,
LEAD-00160,Prospect 0160,Canada,Technology,Outbound,2025-08-07,Qualified,,6500.0,,
LEAD-00161,Prospect 0161,Canada,Professional Services,Outbound,2026-03-17,Closed Lost,2026-03-26,5900.0,Lost,Unknown
LEAD-00162,Prospect 0162,US,Professional Services,Accelerator,2025-06-30,Lead,,4300.0,,
LEAD-00163,Prospect 0163,USA,Media,Referral,2026-04-08,Closed Won,2026-05-21,20700.0,Won,
LEAD-00164,Prospect 0164,USA,FinTech,Outbound,2025-04-05,Closed Won,2025-05-23,16300.0,Won,
LEAD-00165,Prospect 0165,USA,Education,Partner,2026-03-06,Discovery,,27800.0,,
LEAD-00166,Prospect 0166,Netherlands,FinTech,Referral,2025-12-30,Closed Lost,2026-01-07,23300.0,Lost,Feature gap
LEAD-00167,Prospect 0167,Australia,Education,Accelerator,2026-08-16,Proposal,,13200.0,,
LEAD-00168,Prospect 0168,Germany,Media,Outbound,2025-11-21,Lead,,22700.0,,
LEAD-00169,Prospect 0169,Australia,Technology,Partner,2025-04-27,Closed Won,2025-07-12,37800.0,Won,
LEAD-00170,Prospect 0170,US,Technology,Inbound,2025-05-09,Negotiation,,51300.0,,
LEAD-00171,Prospect 0171,Netherlands,E-commerce,Inbound,2025-07-12,Discovery,,29100.0,,
LEAD-00172,Prospect 0172,Netherlands,Technology,Outbound,2025-12-23,Qualified,,10300.0,,
LEAD-00173,Prospect 0173,US,Education,Partner,2026-01-08,Lead,,12000.0,,
LEAD-00174,Prospect 0174,France,E-commerce,Event,2026-04-12,Discovery,,10900.0,,
LEAD-00175,Prospect 0175,Nigeria,FinTech,Event,2025-12-10,Lead,,7800.0,,
LEAD-00176,Prospect 0176,Singapore,Education,Accelerator,2025-06-16,Proposal,,15700.0,,
LEAD-00177,Prospect 0177,US,Technology,Referral,2026-03-24,Negotiation,,42900.0,,
LEAD-00178,Prospect 0178,US,E-commerce,Accelerator,2025-04-02,Negotiation,,31500.0,,
LEAD-00179,Prospect 0179,United States,Education,Outbound,2026-07-12,Lead,,18000.0,,
LEAD-00180,Prospect 0180,Canada,Technology,Inbound,2026-03-07,Qualified,,58400.0,,
LEAD-00181,Prospect 0181,Singapore,Education,Accelerator,2026-04-26,Closed Lost,2026-07-01,15400.0,Lost,No response
LEAD-00182,Prospect 0182,France,Professional Services,Outbound,2026-02-10,Lead,,14000.0,,
LEAD-00183,Prospect 0183,Singapore,FinTech,Referral,2025-09-28,Qualified,,74700.0,,
LEAD-00184,Prospect 0184,Nigeria,Media,Event,2026-03-01,Lead,,4000.0,,
LEAD-00185,Prospect 0185,United Kingdom,Healthcare,Partner,2025-11-22,Qualified,,32400.0,,
LEAD-00186,Prospect 0186,Netherlands,E-commerce,Inbound,2025-07-17,Proposal,,21500.0,,
LEAD-00187,Prospect 0187,USA,E-commerce,Inbound,2026-02-04,Closed Lost,2026-03-23,7500.0,Lost,Feature gap
LEAD-00188,Prospect 0188,Singapore,Healthcare,Partner,2025-04-12,Negotiation,,8000.0,,
LEAD-00189,Prospect 0189,,Technology,Referral,2025-09-24,Closed Won,2025-10-30,10200.0,Won,
LEAD-00190,Prospect 0190,United States,Healthcare,Accelerator,2026-03-24,Lead,,63400.0,,
LEAD-00191,Prospect 0191,Australia,FinTech,Partner,2026-07-11,Closed Lost,2026-07-21,5200.0,Lost,Unknown
LEAD-00192,Prospect 0192,UK,FinTech,Event,2026-01-02,Qualified,,49500.0,,
LEAD-00193,Prospect 0193,UK,Education,Referral,2025-09-09,Negotiation,,70300.0,,
LEAD-00194,Prospect 0194,Singapore,Healthcare,Referral,2025-10-09,Lead,,8600.0,,
LEAD-00195,Prospect 0195,USA,Professional Services,Outbound,2025-04-24,Discovery,,19300.0,,
LEAD-00196,Prospect 0196,United Kingdom,E-commerce,Referral,2025-07-04,Lead,,21700.0,,
LEAD-00197,Prospect 0197,US,FinTech,Accelerator,2026-05-18,Closed Won,2026-08-16,13400.0,Won,
LEAD-00198,Prospect 0198,Germany,Media,Inbound,2026-03-06,Discovery,,13000.0,,
LEAD-00199,Prospect 0199,Singapore,Healthcare,Referral,2025-07-04,Qualified,,8800.0,,
LEAD-00200,Prospect 0200,France,Technology,Inbound,2025-05-01,Closed Lost,2025-07-25,11900.0,Lost,Feature gap
LEAD-00201,Prospect 0201,France,Technology,Event,2026-06-19,Closed Won,2026-07-02,4100.0,Won,
LEAD-00202,Prospect 0202,United Kingdom,Technology,Outbound,2026-06-09,Closed Won,2026-07-03,9800.0,Won,
LEAD-00203,Prospect 0203,USA,Professional Services,Outbound,2025-05-22,Qualified,,44600.0,,
LEAD-00204,Prospect 0204,France,Education,Outbound,2026-05-09,Qualified,,4500.0,,
LEAD-00205,Prospect 0205,United Kingdom,Professional Services,Inbound,2026-04-24,Closed Won,2026-06-24,17300.0,Won,
LEAD-00206,Prospect 0206,Canada,Technology,Event,2025-07-22,Negotiation,,34700.0,,
LEAD-00207,Prospect 0207,Germany,E-commerce,Partner,2025-11-16,Lead,,10200.0,,
LEAD-00208,Prospect 0208,Netherlands,Technology,Event,2026-03-10,Proposal,,14300.0,,
LEAD-00209,Prospect 0209,Singapore,Media,Referral,2026-01-28,Discovery,,22800.0,,
LEAD-00210,Prospect 0210,UK,Healthcare,Partner,2026-04-06,Lead,,6400.0,,
LEAD-00211,Prospect 0211,France,Professional Services,Partner,2025-10-28,Proposal,,50800.0,,
LEAD-00212,Prospect 0212,USA,Professional Services,Inbound,2025-01-31,Lead,,53600.0,,
LEAD-00213,Prospect 0213,Nigeria,Technology,Referral,2025-03-16,Qualified,,11100.0,,
LEAD-00214,Prospect 0214,Germany,Healthcare,Outbound,2025-11-23,Negotiation,,35900.0,,
LEAD-00215,Prospect 0215,United Kingdom,Healthcare,Inbound,2025-08-27,Proposal,,15700.0,,
LEAD-00216,Prospect 0216,Singapore,Technology,Event,2025-04-16,Proposal,,42600.0,,
LEAD-00217,Prospect 0217,Nigeria,FinTech,Inbound,2026-03-08,Negotiation,,16000.0,,
LEAD-00218,Prospect 0218,Canada,Technology,Referral,2025-02-20,Closed Won,2025-04-06,13100.0,Won,
LEAD-00219,Prospect 0219,United Kingdom,Healthcare,Referral,2026-04-09,Lead,,12700.0,,
LEAD-00220,Prospect 0220,United States,E-commerce,Outbound,2025-10-19,Lead,,72800.0,,
LEAD-00221,Prospect 0221,France,Technology,Outbound,2025-05-15,Closed Won,2025-08-01,13000.0,Won,
LEAD-00222,Prospect 0222,Canada,Education,Outbound,2025-01-17,Lead,,6000.0,,
LEAD-00223,Prospect 0223,France,Media,Outbound,2025-10-09,Qualified,,11300.0,,
LEAD-00224,Prospect 0224,Germany,E-commerce,Accelerator,2026-05-21,Proposal,,15800.0,,
LEAD-00225,Prospect 0225,United States,Media,Referral,2025-05-05,Closed Won,2025-06-12,19000.0,Won,
LEAD-00226,Prospect 0226,Australia,E-commerce,Inbound,2025-05-23,Lead,,14600.0,,
LEAD-00227,Prospect 0227,Nigeria,Media,Event,2025-06-24,Lead,,49700.0,,
LEAD-00228,Prospect 0228,United States,Professional Services,Referral,2025-01-06,Closed Lost,2025-01-18,43900.0,Lost,Budget
LEAD-00229,Prospect 0229,Canada,Professional Services,Accelerator,2025-09-28,Qualified,,29400.0,,
LEAD-00230,Prospect 0230,USA,Media,Event,2025-06-24,Closed Lost,2025-07-17,24400.0,Lost,Competitor
LEAD-00231,Prospect 0231,France,FinTech,Event,2026-02-28,Negotiation,,30900.0,,
LEAD-00232,Prospect 0232,Australia,E-commerce,Inbound,2026-05-05,Negotiation,,10700.0,,
LEAD-00233,Prospect 0233,Nigeria,Healthcare,Inbound,2025-04-05,Qualified,,13500.0,,
LEAD-00234,Prospect 0234,United States,FinTech,Referral,2025-07-30,Negotiation,,6400.0,,
LEAD-00235,Prospect 0235,US,Professional Services,Inbound,2025-08-10,Discovery,,14600.0,,
LEAD-00236,Prospect 0236,,Education,Partner,2026-06-25,Proposal,,13900.0,,
LEAD-00237,Prospect 0237,Nigeria,E-commerce,Partner,2025-06-07,Closed Won,2025-07-15,6200.0,Won,
LEAD-00238,Prospect 0238,UK,E-commerce,Inbound,2026-06-10,Qualified,,14600.0,,
LEAD-00239,Prospect 0239,US,Education,Referral,2025-11-11,Closed Lost,2025-12-06,27200.0,Lost,No response
LEAD-00240,Prospect 0240,United States,E-commerce,Accelerator,2025-09-04,Lead,,14600.0,,
LEAD-00241,Prospect 0241,France,Technology,Outbound,2026-06-28,Discovery,,9300.0,,
LEAD-00242,Prospect 0242,France,Professional Services,Referral,2026-03-18,Qualified,,18000.0,,
LEAD-00243,Prospect 0243,Canada,Education,Partner,2026-03-28,Qualified,,3600.0,,
LEAD-00244,Prospect 0244,UK,Healthcare,Event,2025-07-18,Qualified,,14500.0,,
LEAD-00245,Prospect 0245,Singapore,FinTech,Referral,2026-05-21,Proposal,,5500.0,,
LEAD-00246,Prospect 0246,United Kingdom,Technology,Event,2025-08-13,Lead,,5200.0,,
LEAD-00247,Prospect 0247,Canada,E-commerce,Partner,2025-04-14,Qualified,,28000.0,,
LEAD-00248,Prospect 0248,UK,E-commerce,Inbound,2025-04-14,Qualified,,73700.0,,
LEAD-00249,Prospect 0249,UK,Education,Referral,2025-06-25,Closed Won,2025-09-19,13000.0,Won,
LEAD-00250,Prospect 0250,Australia,Professional Services,Accelerator,2025-04-07,Qualified,,42900.0,,
LEAD-00251,Prospect 0251,USA,Professional Services,Partner,2025-09-02,Lead,,29700.0,,
LEAD-00252,Prospect 0252,USA,Professional Services,Referral,2025-05-26,Closed Lost,2025-07-14,39400.0,Lost,Budget
LEAD-00253,Prospect 0253,Nigeria,E-commerce,Event,2025-06-24,Negotiation,,42400.0,,
LEAD-00254,Prospect 0254,United States,Media,Referral,2025-01-02,Discovery,,7900.0,,
LEAD-00255,Prospect 0255,France,Healthcare,Inbound,2026-08-04,Negotiation,,14400.0,,
LEAD-00256,Prospect 0256,Germany,E-commerce,Accelerator,2025-05-31,Closed Won,2025-07-22,4400.0,Won,
LEAD-00257,Prospect 0257,Germany,Technology,Outbound,2025-12-26,Closed Lost,2026-02-03,13200.0,Lost,Competitor
LEAD-00258,Prospect 0258,Netherlands,E-commerce,Referral,2025-11-05,Negotiation,,29100.0,,
LEAD-00259,Prospect 0259,USA,E-commerce,Inbound,2025-10-04,Negotiation,,43400.0,,
LEAD-00260,Prospect 0260,Australia,Education,Partner,2025-05-26,Discovery,,4200.0,,
LEAD-00261,Prospect 0261,Canada,Education,Referral,2026-01-04,Qualified,,4100.0,,
LEAD-00262,Prospect 0262,France,FinTech,Outbound,2025-10-08,Closed Won,2025-12-14,41100.0,Won,
LEAD-00263,Prospect 0263,UK,FinTech,Referral,2025-12-24,Closed Won,2026-02-07,19000.0,Won,
LEAD-00264,Prospect 0264,US,E-commerce,Partner,2026-08-17,Proposal,,14400.0,,
LEAD-00265,Prospect 0265,Germany,Education,Inbound,2026-08-04,Closed Lost,2026-08-25,54500.0,Lost,Budget
LEAD-00266,Prospect 0266,Netherlands,Healthcare,Accelerator,2026-04-23,Negotiation,,32000.0,,
LEAD-00267,Prospect 0267,UK,Technology,Partner,2025-06-16,Qualified,,8900.0,,
LEAD-00268,Prospect 0268,United States,E-commerce,Outbound,2025-02-11,Qualified,,63400.0,,
LEAD-00269,Prospect 0269,United States,Professional Services,Inbound,2025-01-06,Discovery,,48000.0,,
LEAD-00270,Prospect 0270,USA,Technology,Accelerator,2025-12-25,Closed Won,2026-03-16,72900.0,Won,
LEAD-00271,Prospect 0271,Netherlands,Technology,Outbound,2025-10-05,Lead,,32700.0,,
LEAD-00272,Prospect 0272,Singapore,Education,Partner,2025-08-13,Lead,,10200.0,,
LEAD-00273,Prospect 0273,UK,Healthcare,Outbound,2026-03-09,Discovery,,6200.0,,
LEAD-00274,Prospect 0274,Netherlands,FinTech,Accelerator,2025-06-27,Proposal,,49000.0,,
LEAD-00275,Prospect 0275,UK,Professional Services,Referral,2025-07-24,Qualified,,18600.0,,
LEAD-00276,Prospect 0276,USA,E-commerce,Partner,2025-11-01,Proposal,,39100.0,,
LEAD-00277,Prospect 0277,France,Education,Accelerator,2025-04-09,Lead,,20100.0,,
LEAD-00278,Prospect 0278,Canada,E-commerce,Referral,2026-01-02,Discovery,,17600.0,,
LEAD-00279,Prospect 0279,USA,Healthcare,Outbound,2026-07-27,Lead,,57200.0,,
LEAD-00280,Prospect 0280,France,Healthcare,Outbound,2025-09-06,Proposal,,9300.0,,
LEAD-00281,Prospect 0281,Germany,Media,Event,2025-02-24,Closed Won,2025-03-06,14000.0,Won,
LEAD-00282,Prospect 0282,Nigeria,Healthcare,Referral,2026-04-17,Closed Won,2026-05-10,3700.0,Won,
LEAD-00283,Prospect 0283,,Technology,Accelerator,2025-10-25,Proposal,,36000.0,,
LEAD-00284,Prospect 0284,Australia,FinTech,Event,2026-08-22,Negotiation,,45200.0,,
LEAD-00285,Prospect 0285,Singapore,Education,Inbound,2025-05-28,Proposal,,14100.0,,
LEAD-00286,Prospect 0286,United States,Media,Partner,2025-11-05,Proposal,,51700.0,,
LEAD-00287,Prospect 0287,US,Healthcare,Referral,2025-07-25,Lead,,4000.0,,
LEAD-00288,Prospect 0288,France,E-commerce,Partner,2025-09-11,Qualified,,12900.0,,
LEAD-00289,Prospect 0289,France,Professional Services,Event,2025-02-26,Closed Lost,2025-03-28,11300.0,Lost,Timing
LEAD-00290,Prospect 0290,Singapore,Technology,Inbound,2026-03-26,Closed Won,2026-04-23,19300.0,Won,
LEAD-00291,Prospect 0291,Australia,Education,Event,2025-05-26,Closed Won,2025-08-09,33800.0,Won,
LEAD-00292,Prospect 0292,US,Healthcare,Partner,2025-07-25,Discovery,,10500.0,,
LEAD-00293,Prospect 0293,US,E-commerce,Partner,2026-01-12,Negotiation,,16800.0,,
LEAD-00294,Prospect 0294,Netherlands,E-commerce,Referral,2026-03-12,Lead,,11700.0,,
LEAD-00295,Prospect 0295,Singapore,Healthcare,Partner,2026-08-18,Qualified,,43600.0,,
LEAD-00296,Prospect 0296,Germany,Professional Services,Referral,2025-02-13,Closed Lost,2025-04-20,15300.0,Lost,Unknown
LEAD-00297,Prospect 0297,United Kingdom,Professional Services,Accelerator,2025-06-12,Discovery,,73000.0,,
LEAD-00298,Prospect 0298,USA,Professional Services,Accelerator,2026-06-22,Discovery,,4000.0,,
LEAD-00299,Prospect 0299,USA,Professional Services,Accelerator,2026-07-31,Qualified,,48600.0,,
LEAD-00300,Prospect 0300,Canada,E-commerce,Event,2025-11-07,Closed Lost,2026-02-04,6200.0,Lost,
LEAD-00301,Prospect 0301,France,Professional Services,Inbound,2025-07-04,Proposal,,29100.0,,
LEAD-00302,Prospect 0302,Netherlands,Media,Partner,2025-11-28,Proposal,,22700.0,,
LEAD-00303,Prospect 0303,United Kingdom,Technology,Accelerator,2025-03-11,Lead,,68400.0,,
LEAD-00304,Prospect 0304,United Kingdom,Media,Accelerator,2025-04-19,Proposal,,39400.0,,
LEAD-00305,Prospect 0305,Canada,Media,Partner,2025-08-31,Lead,,9100.0,,
LEAD-00306,Prospect 0306,Australia,Technology,Partner,2025-03-07,Lead,,9200.0,,
LEAD-00307,Prospect 0307,USA,Professional Services,Referral,2026-01-19,Proposal,,43100.0,,
LEAD-00308,Prospect 0308,United Kingdom,FinTech,Outbound,2026-04-06,Discovery,,41800.0,,
LEAD-00309,Prospect 0309,Australia,FinTech,Partner,2026-05-18,Discovery,,10000.0,,
LEAD-00310,Prospect 0310,Singapore,Education,Referral,2026-06-26,Closed Won,2026-07-09,6000.0,Won,
LEAD-00311,Prospect 0311,Nigeria,Media,Partner,2025-07-28,Lead,,9900.0,,
LEAD-00312,Prospect 0312,Singapore,Education,Accelerator,2026-08-05,Proposal,,4500.0,,
LEAD-00313,Prospect 0313,Germany,Healthcare,Outbound,2026-06-25,Proposal,,49500.0,,
LEAD-00314,Prospect 0314,US,E-commerce,Partner,2026-01-01,Proposal,,30300.0,,
LEAD-00315,Prospect 0315,UK,Technology,Referral,2026-01-21,Closed Won,2026-04-07,18700.0,Won,
LEAD-00316,Prospect 0316,United States,FinTech,Outbound,2026-05-26,Qualified,,25600.0,,
LEAD-00317,Prospect 0317,USA,Professional Services,Referral,2025-09-15,Discovery,,8900.0,,
LEAD-00318,Prospect 0318,Netherlands,Healthcare,Outbound,2026-07-02,Proposal,,60600.0,,
LEAD-00319,Prospect 0319,US,Healthcare,Partner,2026-02-13,Proposal,,28000.0,,
LEAD-00320,Prospect 0320,UK,FinTech,Outbound,2025-09-27,Negotiation,,4500.0,,
LEAD-00321,Prospect 0321,Nigeria,Media,Accelerator,2025-03-02,Lead,,29800.0,,
LEAD-00322,Prospect 0322,Netherlands,Healthcare,Accelerator,2025-03-05,Qualified,,5900.0,,
LEAD-00323,Prospect 0323,Netherlands,Education,Event,2025-02-06,Qualified,,6300.0,,
LEAD-00324,Prospect 0324,Australia,Technology,Referral,2025-03-24,Closed Won,2025-05-07,22800.0,Won,
LEAD-00325,Prospect 0325,Canada,E-commerce,Outbound,2025-02-06,Proposal,,8700.0,,
LEAD-00326,Prospect 0326,United Kingdom,Healthcare,Event,2025-08-22,Lead,,3600.0,,
LEAD-00327,Prospect 0327,Germany,Technology,Partner,2026-01-24,Negotiation,,28400.0,,
LEAD-00328,Prospect 0328,France,FinTech,Referral,2026-01-22,Negotiation,,20200.0,,
LEAD-00329,Prospect 0329,Nigeria,Professional Services,Inbound,2026-03-25,Lead,,32200.0,,
LEAD-00330,Prospect 0330,,Healthcare,Referral,2025-12-18,Discovery,,4200.0,,
LEAD-00331,Prospect 0331,France,Healthcare,Referral,2025-08-21,Discovery,,74000.0,,
LEAD-00332,Prospect 0332,United States,FinTech,Partner,2025-01-16,Closed Won,2025-02-04,9500.0,Won,
LEAD-00333,Prospect 0333,Singapore,FinTech,Outbound,2025-07-04,Qualified,,10900.0,,
LEAD-00334,Prospect 0334,Singapore,Technology,Referral,2025-05-13,Proposal,,19700.0,,
LEAD-00335,Prospect 0335,Germany,Education,Outbound,2025-09-14,Closed Lost,2025-11-05,8000.0,Lost,Timing
LEAD-00336,Prospect 0336,France,Professional Services,Outbound,2026-01-11,Closed Won,2026-02-21,14700.0,Won,
LEAD-00337,Prospect 0337,Canada,Education,Event,2026-07-09,Proposal,,4500.0,,
LEAD-00338,Prospect 0338,France,FinTech,Outbound,2026-05-13,Qualified,,10000.0,,
LEAD-00339,Prospect 0339,USA,Technology,Inbound,2026-07-21,Qualified,,13600.0,,
LEAD-00340,Prospect 0340,United States,E-commerce,Referral,2026-03-27,Negotiation,,22900.0,,
LEAD-00341,Prospect 0341,US,Technology,Outbound,2025-10-04,Qualified,,15800.0,,
LEAD-00342,Prospect 0342,Germany,Technology,Inbound,2026-01-29,Proposal,,55800.0,,
LEAD-00343,Prospect 0343,United States,Education,Outbound,2025-07-30,Discovery,,38300.0,,
LEAD-00344,Prospect 0344,Netherlands,Media,Outbound,2025-02-02,Proposal,,15100.0,,
LEAD-00345,Prospect 0345,Nigeria,Education,Event,2025-09-26,Closed Won,2025-10-09,20700.0,Won,
LEAD-00346,Prospect 0346,US,Healthcare,Partner,2026-03-21,Closed Won,2026-04-07,68300.0,Won,
LEAD-00347,Prospect 0347,Australia,Healthcare,Event,2025-10-22,Closed Won,2026-01-13,24500.0,Won,
LEAD-00348,Prospect 0348,United Kingdom,FinTech,Referral,2025-09-24,Lead,,17600.0,,
LEAD-00349,Prospect 0349,France,Professional Services,Outbound,2025-10-15,Closed Won,2025-11-25,9000.0,Won,
LEAD-00350,Prospect 0350,UK,Education,Outbound,2026-08-08,Discovery,,21600.0,,
LEAD-00351,Prospect 0351,UK,Media,Inbound,2025-01-13,Lead,,27400.0,,
LEAD-00352,Prospect 0352,United States,Professional Services,Partner,2026-03-31,Discovery,,12700.0,,
LEAD-00353,Prospect 0353,US,Professional Services,Event,2026-07-24,Qualified,,5200.0,,
LEAD-00354,Prospect 0354,UK,Media,Outbound,2026-07-19,Qualified,,4800.0,,
LEAD-00355,Prospect 0355,USA,Media,Event,2025-09-23,Closed Won,2025-10-25,6700.0,Won,
LEAD-00356,Prospect 0356,Singapore,Healthcare,Partner,2025-02-20,Qualified,,28900.0,,
LEAD-00357,Prospect 0357,United States,Education,Outbound,2026-08-17,Qualified,,28300.0,,
LEAD-00358,Prospect 0358,Nigeria,Healthcare,Accelerator,2025-09-21,Lead,,72900.0,,
LEAD-00359,Prospect 0359,France,E-commerce,Referral,2025-02-15,Proposal,,9200.0,,
LEAD-00360,Prospect 0360,Nigeria,Media,Accelerator,2026-06-08,Lead,,7200.0,,
LEAD-00361,Prospect 0361,USA,Technology,Outbound,2026-03-02,Lead,,22100.0,,
LEAD-00362,Prospect 0362,Nigeria,E-commerce,Outbound,2026-01-04,Qualified,,22300.0,,
LEAD-00363,Prospect 0363,USA,Healthcare,Referral,2025-02-01,Lead,,4400.0,,
LEAD-00364,Prospect 0364,Australia,Media,Accelerator,2025-04-19,Proposal,,53300.0,,
LEAD-00365,Prospect 0365,Canada,Media,Event,2026-06-05,Closed Won,2026-07-12,36300.0,Won,
LEAD-00366,Prospect 0366,Singapore,Technology,Referral,2025-02-03,Negotiation,,7400.0,,
LEAD-00367,Prospect 0367,Australia,E-commerce,Event,2025-08-18,Proposal,,27000.0,,
LEAD-00368,Prospect 0368,Germany,Education,Event,2025-05-05,Closed Won,2025-07-31,29500.0,Won,
LEAD-00369,Prospect 0369,Netherlands,Professional Services,Inbound,2026-06-17,Discovery,,9800.0,,
LEAD-00370,Prospect 0370,United Kingdom,E-commerce,Outbound,2025-12-03,Qualified,,77200.0,,
LEAD-00371,Prospect 0371,Canada,Professional Services,Referral,2025-04-29,Negotiation,,20500.0,,
LEAD-00372,Prospect 0372,Singapore,E-commerce,Event,2025-12-27,Proposal,,6200.0,,
LEAD-00373,Prospect 0373,USA,Healthcare,Inbound,2025-08-24,Discovery,,15100.0,,
LEAD-00374,Prospect 0374,UK,Media,Outbound,2026-02-22,Negotiation,,31300.0,,
LEAD-00375,Prospect 0375,France,FinTech,Event,2025-12-16,Qualified,,4700.0,,
LEAD-00376,Prospect 0376,USA,E-commerce,Referral,2026-05-22,Negotiation,,49100.0,,
LEAD-00377,Prospect 0377,,E-commerce,Accelerator,2025-06-20,Lead,,13900.0,,
LEAD-00378,Prospect 0378,United States,Education,Inbound,2025-04-14,Lead,,6000.0,,
LEAD-00379,Prospect 0379,Canada,E-commerce,Outbound,2025-03-16,Lead,,61100.0,,
LEAD-00380,Prospect 0380,UK,Technology,Outbound,2025-05-11,Discovery,,21100.0,,
LEAD-00381,Prospect 0381,Australia,Technology,Referral,2025-12-11,Proposal,,19100.0,,
LEAD-00382,Prospect 0382,Germany,Education,Inbound,2025-12-30,Closed Lost,2026-03-02,19400.0,Lost,Competitor
LEAD-00383,Prospect 0383,France,Technology,Inbound,2025-07-07,Negotiation,,31200.0,,
LEAD-00384,Prospect 0384,Germany,E-commerce,Outbound,2025-01-08,Proposal,,13300.0,,
LEAD-00385,Prospect 0385,US,FinTech,Outbound,2026-03-26,Lead,,42100.0,,
LEAD-00386,Prospect 0386,France,Healthcare,Event,2026-05-21,Qualified,,25300.0,,
LEAD-00387,Prospect 0387,USA,FinTech,Referral,2026-03-13,Qualified,,16000.0,,
LEAD-00388,Prospect 0388,Netherlands,Professional Services,Referral,2025-08-04,Discovery,,12500.0,,
LEAD-00389,Prospect 0389,Germany,E-commerce,Inbound,2025-12-22,Qualified,,4400.0,,
LEAD-00390,Prospect 0390,US,FinTech,Accelerator,2025-06-23,Qualified,,15500.0,,
LEAD-00391,Prospect 0391,France,Media,Inbound,2025-10-13,Lead,,8300.0,,
LEAD-00392,Prospect 0392,France,Healthcare,Inbound,2025-01-29,Proposal,,6400.0,,
LEAD-00393,Prospect 0393,United Kingdom,Professional Services,Event,2025-01-07,Discovery,,42900.0,,
LEAD-00394,Prospect 0394,UK,Technology,Accelerator,2026-03-13,Closed Won,2026-05-20,19400.0,Won,
LEAD-00395,Prospect 0395,US,Media,Inbound,2025-05-03,Discovery,,17900.0,,
LEAD-00396,Prospect 0396,Australia,Media,Inbound,2025-10-13,Closed Won,2025-11-02,6400.0,Won,
LEAD-00397,Prospect 0397,Germany,Education,Accelerator,2025-03-18,Qualified,,22500.0,,
LEAD-00398,Prospect 0398,Nigeria,Technology,Partner,2026-06-10,Negotiation,,5600.0,,
LEAD-00399,Prospect 0399,Singapore,Media,Accelerator,2025-04-13,Closed Lost,2025-05-14,60800.0,Lost,Feature gap
LEAD-00400,Prospect 0400,Canada,Media,Inbound,2025-02-06,Closed Lost,2025-03-02,28200.0,Lost,Feature gap
LEAD-00401,Prospect 0401,USA,Education,Partner,2025-07-20,Qualified,,7900.0,,
LEAD-00402,Prospect 0402,France,Media,Accelerator,2025-10-17,Lead,,49000.0,,
LEAD-00403,Prospect 0403,Netherlands,FinTech,Accelerator,2025-08-08,Lead,,5000.0,,
LEAD-00404,Prospect 0404,Canada,Education,Event,2025-07-02,Lead,,34300.0,,
LEAD-00405,Prospect 0405,USA,Professional Services,Inbound,2025-08-29,Negotiation,,18300.0,,
LEAD-00406,Prospect 0406,Canada,Healthcare,Outbound,2025-10-27,Negotiation,,21200.0,,
LEAD-00407,Prospect 0407,UK,E-commerce,Partner,2026-07-11,Discovery,,4200.0,,
LEAD-00408,Prospect 0408,Germany,Professional Services,Accelerator,2025-11-30,Qualified,,13900.0,,
LEAD-00409,Prospect 0409,Germany,Media,Partner,2025-04-27,Qualified,,20200.0,,
LEAD-00410,Prospect 0410,France,FinTech,Partner,2026-02-26,Negotiation,,4400.0,,
LEAD-00411,Prospect 0411,Nigeria,E-commerce,Partner,2025-03-04,Proposal,,10300.0,,
LEAD-00412,Prospect 0412,UK,E-commerce,Accelerator,2026-03-29,Discovery,,15000.0,,
LEAD-00413,Prospect 0413,Germany,E-commerce,Inbound,2025-08-13,Qualified,,43600.0,,
LEAD-00414,Prospect 0414,US,Healthcare,Event,2026-08-10,Closed Won,2026-11-08,20600.0,Won,
LEAD-00415,Prospect 0415,Australia,Technology,Partner,2025-12-04,Lead,,17800.0,,
LEAD-00416,Prospect 0416,US,Education,Referral,2025-04-03,Closed Won,2025-06-22,15000.0,Won,
LEAD-00417,Prospect 0417,USA,Media,Event,2026-06-16,Qualified,,20500.0,,
LEAD-00418,Prospect 0418,Nigeria,Professional Services,Partner,2026-02-10,Closed Won,2026-03-12,7000.0,Won,
LEAD-00419,Prospect 0419,United States,Media,Referral,2025-08-09,Proposal,,10100.0,,
LEAD-00420,Prospect 0420,United States,FinTech,Outbound,2026-06-24,Lead,,21100.0,,
LEAD-00421,Prospect 0421,United Kingdom,Technology,Outbound,2025-11-05,Lead,,46500.0,,
LEAD-00422,Prospect 0422,Australia,Professional Services,Referral,2025-05-07,Closed Won,2025-06-02,19700.0,Won,
LEAD-00423,Prospect 0423,Australia,E-commerce,Referral,2025-03-20,Lead,,44900.0,,
LEAD-00424,Prospect 0424,,Education,Event,2025-01-16,Closed Won,2025-02-14,26600.0,Won,
LEAD-00425,Prospect 0425,Nigeria,E-commerce,Event,2026-02-05,Qualified,,30400.0,,
LEAD-00426,Prospect 0426,UK,Education,Event,2025-01-24,Qualified,,14800.0,,
LEAD-00427,Prospect 0427,Canada,Healthcare,Outbound,2026-04-28,Discovery,,13600.0,,
LEAD-00428,Prospect 0428,United Kingdom,E-commerce,Referral,2026-05-10,Qualified,,40800.0,,
LEAD-00429,Prospect 0429,Australia,Technology,Partner,2026-05-24,Negotiation,,13900.0,,
LEAD-00430,Prospect 0430,United Kingdom,E-commerce,Outbound,2025-08-18,Proposal,,4700.0,,
